Date,Discharge Observed,Discharge Simulated
1/1/2019,7.99,22.30
1/2/2019,13.37,17.80
1/3/2019,14.14,17.30
1/4/2019,12.29,19.30
1/5/2019,11.62,17.70
1/6/2019,18.36,20.20
1/7/2019,14.44,19.00
1/8/2019,12.91,17.60
1/9/2019,12.99,16.70
1/10/2019,9.67,16.20
1/11/2019,9.61,16.10
1/12/2019,9.6,16.00
1/13/2019,9.6,16.00
1/14/2019,10.23,16.00
1/15/2019,11.58,16.40
1/16/2019,14.66,17.20
1/17/2019,15.97,18.50
1/18/2019,12.49,17.20
1/19/2019,11.2,16.80
1/20/2019,20.38,26.00
1/21/2019,20.02,19.90
1/22/2019,13,17.50
1/23/2019,10.24,16.90
1/24/2019,17.83,21.80
1/25/2019,14.24,18.30
1/26/2019,10.03,16.90
1/27/2019,10.09,16.30
1/28/2019,8.05,16.00
1/29/2019,10.02,16.20
1/30/2019,23.5,21.30
1/31/2019,16.88,19.00
2/1/2019,10.34,16.80
2/2/2019,7.9,13.50
2/3/2019,7.8,12.90
2/4/2019,7.8,12.80
2/5/2019,12.73,13.70
2/6/2019,12.76,14.40
2/7/2019,12.96,13.60
2/8/2019,10.53,13.10
2/9/2019,10.71,13.30
2/10/2019,13.15,13.70
2/11/2019,11.53,13.80
2/12/2019,10.28,13.20
2/13/2019,8.45,12.90
2/14/2019,10.35,13.50
2/15/2019,11.79,14.80
2/16/2019,10.72,13.70
2/17/2019,8.77,13.20
2/18/2019,10.22,13.00
2/19/2019,9.46,12.90
2/20/2019,12.5,14.30
2/21/2019,13.82,15.80
2/22/2019,15.5,15.60
2/23/2019,15.82,15.50
2/24/2019,12.9,14.10
2/25/2019,11.88,14.20
2/26/2019,11.84,13.30
2/27/2019,12.06,13.60
2/28/2019,12.44,13.40
3/1/2019,8.77,13.00
3/2/2019,13.85,22.90
3/3/2019,13.8,26.20
3/4/2019,11.65,25.40
3/5/2019,11.61,25.60
3/6/2019,15.26,28.40
3/7/2019,12.99,25.90
3/8/2019,10.96,24.50
3/9/2019,17.84,26.30
3/10/2019,14.1,25.50
3/11/2019,10.59,24.50
3/12/2019,11.46,24.70
3/13/2019,10.56,24.60
3/14/2019,24.55,29.40
3/15/2019,17.43,27.20
3/16/2019,27,34.40
3/17/2019,20.5,27.90
3/18/2019,11.52,25.20
3/19/2019,9.94,24.50
3/20/2019,9.49,24.20
3/21/2019,13.41,26.50
3/22/2019,11.59,24.90
3/23/2019,12.71,25.10
3/24/2019,13.99,25.90
3/25/2019,12.15,24.80
3/26/2019,22.47,27.60
3/27/2019,23.58,31.80
3/28/2019,20.27,27.80
3/29/2019,15.55,25.40
3/30/2019,23.85,31.10
3/31/2019,17.65,27.00
4/1/2019,14.5,27.10
4/2/2019,14.19,25.50
4/3/2019,21.69,27.40
4/4/2019,25.29,30.40
4/5/2019,28.16,26.50
4/6/2019,23.65,25.30
4/7/2019,21.08,24.40
4/8/2019,23.82,24.70
4/9/2019,22.24,25.20
4/10/2019,23.72,24.90
4/11/2019,28.8,30.10
4/12/2019,33.48,27.80
4/13/2019,26.48,26.00
4/14/2019,32.82,34.70
4/15/2019,25.66,27.60
4/16/2019,32.3,32.40
4/17/2019,27.38,29.10
4/18/2019,22.64,25.70
4/19/2019,19.17,24.60
4/20/2019,20.4,25.30
4/21/2019,24.56,26.10
4/22/2019,40.9,40.70
4/23/2019,26,32.00
4/24/2019,32.11,32.00
4/25/2019,29.34,28.00
4/26/2019,21.24,26.20
4/27/2019,18.81,25.00
4/28/2019,18.22,24.50
4/29/2019,20.06,25.10
4/30/2019,23.87,26.30
5/1/2019,21.73,24.90
5/2/2019,18.02,24.50
5/3/2019,16.13,24.40
5/4/2019,18.12,25.30
5/5/2019,16.68,25.40
5/6/2019,19.76,25.50
5/7/2019,34.25,33.50
5/8/2019,22.12,27.20
5/9/2019,26.28,27.50
5/10/2019,35.12,35.70
5/11/2019,29.1,29.00
5/12/2019,24.44,25.90
5/13/2019,28.88,25.90
5/14/2019,26.45,25.00
5/15/2019,15.01,24.30
5/16/2019,15.81,24.20
5/17/2019,19.09,25.40
5/18/2019,24.46,27.20
5/19/2019,27.55,29.60
5/20/2019,22.8,26.50
5/21/2019,21.08,24.90
5/22/2019,27.12,31.90
5/23/2019,26.26,27.80
5/24/2019,23.62,25.30
5/25/2019,18.19,24.60
5/26/2019,16.39,24.20
5/27/2019,17.96,24.80
5/28/2019,16.52,24.40
5/29/2019,17.06,24.40
5/30/2019,15.23,24.30
5/31/2019,16.41,24.20
6/1/2019,14.94,24.10
6/2/2019,15.14,11.00
6/3/2019,22.2,11.90
6/4/2019,24.04,10.70
6/5/2019,19.88,9.00
6/6/2019,17.84,8.40
6/7/2019,16.18,8.10
6/8/2019,14.72,8.10
6/9/2019,13.36,8.00
6/10/2019,8.16,8.00
6/11/2019,8.08,8.00
6/12/2019,8.08,8.00
6/13/2019,8.16,8.00
6/14/2019,8.16,8.00
6/15/2019,8.24,8.00
6/16/2019,8.24,8.00
6/17/2019,8.24,8.00
6/18/2019,8.9,8.10
6/19/2019,9.64,8.20
6/20/2019,8.82,8.10
6/21/2019,8.16,8.00
6/22/2019,8.16,8.00
6/23/2019,8.88,8.00
6/24/2019,13.28,11.80
6/25/2019,9.46,11.00
6/26/2019,9.68,9.60
6/27/2019,12.08,9.60
6/28/2019,11.04,9.60
6/29/2019,9.68,8.70
6/30/2019,8.82,8.20
7/1/2019,7.9,8.00
7/2/2019,7.9,8.00
7/3/2019,7.9,8.00
7/4/2019,8.48,8.00
7/5/2019,7.9,8.00
7/6/2019,7.9,8.00
7/7/2019,8.48,8.00
7/8/2019,8.08,8.00
7/9/2019,8.98,8.40
7/10/2019,8.66,8.40
7/11/2019,8.04,8.20
7/12/2019,7.92,8.00
7/13/2019,10.6,10.80
7/14/2019,8.5,9.70
7/15/2019,9.24,8.90
7/16/2019,8.04,8.30
7/17/2019,7.5,8.10
7/18/2019,7.3,8.00
7/19/2019,7.3,8.00
7/20/2019,7.3,8.00
7/21/2019,7.2,8.00
7/22/2019,7.2,8.00
7/23/2019,7.2,8.00
7/24/2019,7.2,8.00
7/25/2019,7.96,8.00
7/26/2019,7.26,8.00
7/27/2019,7.2,8.00
7/28/2019,6.1,8.00
7/29/2019,5.1,8.00
7/30/2019,5.72,8.30
7/31/2019,5.22,8.10
8/1/2019,9.22,8.30
8/2/2019,12.1,10.90
8/3/2019,15.32,12.20
8/4/2019,10.9,10.80
8/5/2019,9.32,9.00
8/6/2019,10.02,8.30
8/7/2019,9.2,8.10
8/8/2019,9.92,8.10
8/9/2019,10.84,8.30
8/10/2019,9.86,8.20
8/11/2019,10.74,8.10
8/12/2019,9.78,8.10
8/13/2019,5.2,8.10
8/14/2019,5.1,8.00
8/15/2019,5.1,8.00
8/16/2019,5.1,8.00
8/17/2019,4.4,8.00
8/18/2019,4.4,8.00
8/19/2019,4.4,8.00
8/20/2019,4.4,8.00
8/21/2019,4.4,8.00
8/22/2019,4.4,8.00
8/23/2019,4.81,8.00
8/24/2019,4.41,8.00
8/25/2019,8.58,8.30
8/26/2019,9.32,8.50
8/27/2019,8.52,8.30
8/28/2019,14.66,11.00
8/29/2019,12.02,10.70
8/30/2019,10.94,9.40
8/31/2019,16.24,14.40
9/1/2019,18.36,12.80
9/2/2019,12.78,12.40
9/3/2019,13.64,12.10
9/4/2019,10.88,12.00
9/5/2019,9.62,11.60
9/6/2019,11.22,12.00
9/7/2019,11.62,12.50
9/8/2019,10.3,11.70
9/9/2019,9.15,11.40
9/10/2019,8.12,11.20
9/11/2019,10.5,11.50
9/12/2019,11.24,13.20
9/13/2019,14.74,16.00
9/14/2019,14.69,15.10
9/15/2019,10.24,12.40
9/16/2019,8.79,12.40
9/17/2019,10.92,11.90
9/18/2019,10.48,11.40
9/19/2019,12.74,13.80
9/20/2019,12.53,13.30
9/21/2019,10.28,11.90
9/22/2019,10.94,11.40
9/23/2019,11.86,11.30
9/24/2019,13,11.90
9/25/2019,13.92,12.30
9/26/2019,12.82,12.60
9/27/2019,13.94,12.80
9/28/2019,12.64,12.00
9/29/2019,14.2,13.00
9/30/2019,20.22,17.40
10/1/2019,19.34,18.10
10/2/2019,14.38,15.30
10/3/2019,16.8,16.50
10/4/2019,13.86,14.10
10/5/2019,14.94,14.40
10/6/2019,16.58,15.50
10/7/2019,17.86,14.20
10/8/2019,16.2,13.30
10/9/2019,17.56,13.20
10/10/2019,19.46,14.80
10/11/2019,28.62,20.80
10/12/2019,35.2,24.00
10/13/2019,40.36,22.60
10/14/2019,32.6,17.10
10/15/2019,21.48,14.10
10/16/2019,19.9,14.90
10/17/2019,22.12,16.30
10/18/2019,19.64,14.60
10/19/2019,17.7,13.60
10/20/2019,21.32,15.70
10/21/2019,19.26,14.80
10/22/2019,17.56,13.80
10/23/2019,26.38,19.20
10/24/2019,29.4,21.60
10/25/2019,37.32,24.90
10/26/2019,23.28,19.30
10/27/2019,19.6,16.60
10/28/2019,24.66,19.10
10/29/2019,15.68,16.40
10/30/2019,18.78,15.80
10/31/2019,19.98,14.50
11/1/2019,23.3,14.30
11/2/2019,21.48,16.10
11/3/2019,21.06,16.80
11/4/2019,22.96,17.50
11/5/2019,20.96,16.90
11/6/2019,19.04,16.40
11/7/2019,20.76,17.30
11/8/2019,22.5,17.50
11/9/2019,20.68,17.90
11/10/2019,30.5,25.30
11/11/2019,27.4,22.40
11/12/2019,22,18.10
11/13/2019,18.14,16.60
11/14/2019,19.82,17.80
11/15/2019,18.08,17.00
11/16/2019,16.48,16.30
11/17/2019,17.74,17.00
11/18/2019,16.28,17.10
11/19/2019,23.52,25.30
11/20/2019,24.74,21.70
11/21/2019,17.7,18.30
11/22/2019,23.46,18.50
11/23/2019,33.84,28.50
11/24/2019,30.88,25.10
11/25/2019,23.5,19.00
11/26/2019,33.6,28.70
11/27/2019,36.1,24.20
11/28/2019,26.82,18.60
11/29/2019,28.94,19.60
11/30/2019,26.12,18.70
12/1/2019,28.68,20.00
12/2/2019,26.34,20.90
12/3/2019,28.54,21.50
12/4/2019,32.32,26.10
12/5/2019,34.54,23.20
12/6/2019,29.84,22.60
12/7/2019,33.24,26.80
12/8/2019,27.74,22.10
12/9/2019,29.74,20.90
12/10/2019,32.94,23.40
12/11/2019,29.6,21.00
12/12/2019,32.18,20.80
12/13/2019,34.92,20.50
12/14/2019,31.66,19.70
12/15/2019,28.76,19.30
12/16/2019,26.26,19.30
12/17/2019,28.62,20.00
12/18/2019,31.32,20.70
12/19/2019,28.38,19.80
12/20/2019,25.8,19.30
12/21/2019,28,19.20
12/22/2019,36.06,26.40
12/23/2019,32.16,23.10
12/24/2019,28.54,20.40
12/25/2019,69.84,79.90
12/26/2019,39.7,44.90
12/27/2019,29.9,26.30
12/28/2019,31.66,21.70
12/29/2019,28.58,20.10
12/30/2019,31.04,19.80
12/31/2019,28.26,19.50
1/1/2020,30.92,20.20
1/2/2020,33.32,18.40
1/3/2020,30.02,16.80
1/4/2020,32.64,16.80
1/5/2020,35.86,18.30
1/6/2020,32.34,17.00
1/7/2020,41.18,22.30
1/8/2020,36.88,20.20
1/9/2020,33.28,18.70
1/10/2020,30.06,17.10
1/11/2020,27.2,16.30
1/12/2020,32.9,20.70
1/13/2020,28.52,19.20
1/14/2020,25.7,17.10
1/15/2020,18.82,16.30
1/16/2020,29.06,23.00
1/17/2020,24.02,19.10
1/18/2020,30.44,20.00
1/19/2020,25.68,18.60
1/20/2020,23.26,16.90
1/21/2020,19.7,16.20
1/22/2020,24.24,20.40
1/23/2020,31.14,23.90
1/24/2020,22.92,20.00
1/25/2020,20.74,17.90
1/26/2020,26.16,18.90
1/27/2020,23.36,17.30
1/28/2020,56.48,45.50
1/29/2020,27.36,28.70
1/30/2020,23.12,19.70
1/31/2020,31.56,20.90
2/1/2020,37.1,28.10
2/2/2020,48.06,37.20
2/3/2020,32.56,21.30
2/4/2020,27.2,15.90
2/5/2020,34.36,20.20
2/6/2020,22.38,18.10
2/7/2020,19.78,14.80
2/8/2020,18.06,13.40
2/9/2020,16.5,13.00
2/10/2020,15.04,12.90
2/11/2020,11.1,12.80
2/12/2020,12.2,12.80
2/13/2020,13.28,12.90
2/14/2020,14.96,13.90
2/15/2020,13.68,13.50
2/16/2020,12.5,13.00
2/17/2020,13.46,13.00
2/18/2020,15.92,13.70
2/19/2020,21.1,17.70
2/20/2020,22.42,15.60
2/21/2020,18.64,13.70
2/22/2020,20.52,14.80
2/23/2020,18.5,14.20
2/24/2020,16.86,13.70
2/25/2020,20.36,16.30
2/26/2020,18.12,14.60
2/27/2020,19.44,13.80
2/28/2020,27.92,21.50
2/29/2020,19.64,16.50
3/1/2020,57.86,51.30
3/2/2020,39.96,41.00
3/3/2020,32.54,31.40
3/4/2020,24.54,27.50
3/5/2020,20.86,26.00
3/6/2020,25,25.20
3/7/2020,23.54,24.40
3/8/2020,24.94,25.00
3/9/2020,31.94,31.40
3/10/2020,26.38,27.30
3/11/2020,28.06,27.00
3/12/2020,30.42,28.00
3/13/2020,26.96,26.00
3/14/2020,24.2,24.60
3/15/2020,23.15,24.20
3/16/2020,24.47,24.90
3/17/2020,45.1,45.30
3/18/2020,33.7,33.50
3/19/2020,26.46,27.20
3/20/2020,29.9,29.10
3/21/2020,33.12,31.70
3/22/2020,26.34,26.90
3/23/2020,24.77,25.20
3/24/2020,28.9,28.60
3/25/2020,28.5,27.90
3/26/2020,25.82,26.90
3/27/2020,23.53,27.00
3/28/2020,25.4,26.90
3/29/2020,25.31,27.60
3/30/2020,23.36,25.30
3/31/2020,18.62,24.40
4/1/2020,23.13,26.40
4/2/2020,19.87,25.90
4/3/2020,17.33,25.30
4/4/2020,18.62,25.00
4/5/2020,20.24,24.60
4/6/2020,19.33,24.20
4/7/2020,23.57,25.80
4/8/2020,22.84,25.90
4/9/2020,21.45,25.80
4/10/2020,28.82,29.40
4/11/2020,27.44,27.00
4/12/2020,21.28,25.00
4/13/2020,24.6,26.30
4/14/2020,27.14,30.30
4/15/2020,22.74,26.40
4/16/2020,25.56,25.70
4/17/2020,46.32,50.90
4/18/2020,40.92,41.40
4/19/2020,35.96,32.40
4/20/2020,24.04,26.60
4/21/2020,33.72,35.70
4/22/2020,29.96,36.50
4/23/2020,23,29.70
4/24/2020,29.41,31.70
4/25/2020,30.68,30.80
4/26/2020,22.72,27.60
4/27/2020,27.1,27.90
4/28/2020,33.68,32.00
4/29/2020,28.44,27.40
4/30/2020,32.52,28.10
5/1/2020,25.3,25.80
5/2/2020,29.2,27.70
5/3/2020,26.66,26.70
5/4/2020,23.92,25.10
5/5/2020,24.63,24.80
5/6/2020,25.62,25.00
5/7/2020,23.84,25.90
5/8/2020,23.98,25.10
5/9/2020,22.68,24.50
5/10/2020,20.36,24.20
5/11/2020,23.96,25.60
5/12/2020,27.1,29.10
5/13/2020,22.66,26.30
5/14/2020,24.74,24.70
5/15/2020,26.62,24.60
5/16/2020,29.54,28.00
5/17/2020,27,26.70
5/18/2020,28.98,26.00
5/19/2020,26.32,24.80
5/20/2020,28.6,25.10
5/21/2020,31.16,26.10
5/22/2020,28.28,24.80
5/23/2020,8.8,24.20
5/24/2020,8.9,24.00
5/25/2020,9.4,24.00
5/26/2020,8.8,24.00
5/27/2020,8.7,24.00
5/28/2020,8.6,24.00
5/29/2020,8.5,24.00
5/30/2020,8.4,24.00
5/31/2020,8.3,24.00
6/1/2020,7.7,24.00
6/2/2020,8.4,10.80
6/3/2020,8.3,8.30
6/4/2020,7.9,8.00
6/5/2020,8.08,8.00
6/6/2020,8.08,8.00
6/7/2020,8.08,8.00
6/8/2020,8,8.00
6/9/2020,7.9,8.00
6/10/2020,8.6,8.20
6/11/2020,7.94,8.20
6/12/2020,15.08,11.80
6/13/2020,12.16,14.40
6/14/2020,8.58,10.50
6/15/2020,8.56,8.60
6/16/2020,7.76,8.10
6/17/2020,7.7,8.00
6/18/2020,7.7,8.00
6/19/2020,7.7,8.00
6/20/2020,7.7,8.00
6/21/2020,8.46,8.30
6/22/2020,8.18,8.10
6/23/2020,8.16,8.00
6/24/2020,8.8,8.00
6/25/2020,8.08,8.00
6/26/2020,8.72,8.00
6/27/2020,8,8.00
6/28/2020,8,8.00
6/29/2020,8,8.00
6/30/2020,8,8.00
7/1/2020,8,8.00
7/2/2020,8,8.00
7/3/2020,8,8.00
7/4/2020,8,8.00
7/5/2020,8,8.00
7/6/2020,8,8.00
7/7/2020,8,8.00
7/8/2020,8,8.00
7/9/2020,8,8.00
7/10/2020,8.68,8.20
7/11/2020,8.02,8.10
7/12/2020,8.66,8.20
7/13/2020,7.92,8.20
7/14/2020,7.9,8.10
7/15/2020,7.9,8.00
7/16/2020,9.44,9.20
7/17/2020,8.06,8.50
7/18/2020,7.86,8.10
7/19/2020,7.8,8.00
7/20/2020,7.8,8.00
7/21/2020,7.8,8.00
7/22/2020,7.8,8.00
7/23/2020,11.9,9.60
7/24/2020,9.76,8.90
7/25/2020,8.84,8.30
7/26/2020,8.08,8.10
7/27/2020,8.08,8.00
7/28/2020,8.08,8.00
7/29/2020,8.08,8.00
7/30/2020,8.08,8.00
7/31/2020,8.08,8.00
8/1/2020,8.16,8.00
8/2/2020,8.08,8.00
8/3/2020,8.08,8.00
8/4/2020,8.16,8.00
8/5/2020,8.08,8.00
8/6/2020,8,8.00
8/7/2020,8.08,8.00
8/8/2020,8.08,8.00
8/9/2020,8,8.00
8/10/2020,8.66,8.10
8/11/2020,9.38,8.30
8/12/2020,8.58,8.20
8/13/2020,8,8.10
8/14/2020,7.9,8.00
8/15/2020,8.56,8.00
8/16/2020,7.91,8.00
8/17/2020,7.9,8.00
8/18/2020,7.9,8.00
8/19/2020,8.48,8.00
8/20/2020,9.22,8.20
8/21/2020,11.56,9.40
8/22/2020,9.62,9.40
8/23/2020,8.82,8.60
8/24/2020,8.48,8.20
8/25/2020,9.46,8.40
8/26/2020,9.4,8.70
8/27/2020,11.26,10.30
8/28/2020,8.94,9.00
8/29/2020,8.3,8.40
8/30/2020,8.9,8.10
8/31/2020,9.7,8.10
9/1/2020,10.72,8.80
9/2/2020,10.97,10.90
9/3/2020,8.6,11.20
9/4/2020,8.6,11.20
9/5/2020,9.5,11.20
9/6/2020,11.54,12.10
9/7/2020,15.16,15.90
9/8/2020,13.44,14.20
9/9/2020,11.38,12.80
9/10/2020,11.5,11.70
9/11/2020,10.01,11.30
9/12/2020,11.08,11.70
9/13/2020,11.96,11.80
9/14/2020,13.26,12.40
9/15/2020,11.96,11.80
9/16/2020,11.43,12.50
9/17/2020,10.35,11.80
9/18/2020,9,11.40
9/19/2020,8.42,11.30
9/20/2020,9.71,11.60
9/21/2020,10.88,12.10
9/22/2020,11.88,12.40
9/23/2020,12.01,12.20
9/24/2020,9.71,11.60
9/25/2020,11.48,12.40
9/26/2020,10.51,13.90
9/27/2020,12.12,13.60
9/28/2020,12.45,13.30
9/29/2020,12.99,14.30
9/30/2020,12.12,12.70
10/1/2020,15.62,17.50
10/2/2020,12.36,15.30
10/3/2020,11.39,14.00
10/4/2020,13.42,14.70
10/5/2020,13.45,13.50
10/6/2020,12.12,13.60
10/7/2020,10.72,13.20
10/8/2020,12.44,14.50
10/9/2020,10.62,13.80
10/10/2020,10.5,13.50
10/11/2020,14.56,15.80
10/12/2020,12.04,13.90
10/13/2020,14.56,15.80
10/14/2020,13.72,15.70
10/15/2020,13.71,14.10
10/16/2020,10.56,13.20
10/17/2020,12.14,13.70
10/18/2020,14.1,15.20
10/19/2020,16.52,16.30
10/20/2020,15.4,18.50
10/21/2020,17.6,18.30
10/22/2020,10.06,15.40
10/23/2020,11.76,13.90
10/24/2020,10.46,13.90
10/25/2020,14.36,15.70
10/26/2020,18.22,16.80
10/27/2020,34.76,34.60
10/28/2020,17.18,21.00
10/29/2020,30.6,29.30
10/30/2020,17.6,18.70
10/31/2020,23.66,19.90
11/1/2020,17.54,16.40
11/2/2020,19.44,18.40
11/3/2020,14.5,16.90
11/4/2020,15.48,16.20
11/5/2020,25.68,22.70
11/6/2020,20,20.70
11/7/2020,14.74,17.60
11/8/2020,18.3,19.60
11/9/2020,14.16,17.40
11/10/2020,33.58,29.90
11/11/2020,21.1,22.00
11/12/2020,18.5,17.80
11/13/2020,23.8,21.20
11/14/2020,21.54,20.20
11/15/2020,31.5,23.00
11/16/2020,24,22.70
11/17/2020,19.82,19.60
11/18/2020,23.08,19.30
11/19/2020,19.46,18.30
11/20/2020,17.64,16.80
11/21/2020,22.78,18.60
11/22/2020,20.6,18.50
11/23/2020,18.9,18.00
11/24/2020,25.84,22.30
11/25/2020,22.96,19.40
11/26/2020,17.56,17.10
11/27/2020,16.12,16.60
11/28/2020,23,21.20
11/29/2020,21.02,21.20
11/30/2020,15.58,17.80
12/1/2020,16.6,16.60
12/2/2020,19.02,19.90
12/3/2020,25.3,26.50
12/4/2020,20.3,22.80
12/5/2020,17.84,20.90
12/6/2020,16.46,19.80
12/7/2020,20.04,21.30
12/8/2020,17.72,20.00
12/9/2020,19.35,20.00
12/10/2020,17.53,19.80
12/11/2020,17.53,19.90
12/12/2020,16.42,19.50
12/13/2020,19.26,21.50
12/14/2020,17.6,20.00
12/15/2020,13.91,19.40
12/16/2020,15.4,19.30
12/17/2020,16.91,19.30
12/18/2020,23.64,21.10
12/19/2020,28.4,26.10
12/20/2020,25.38,23.30
12/21/2020,31.06,23.40
12/22/2020,24.58,21.70
12/23/2020,21.54,20.70
12/24/2020,23.88,22.40
12/25/2020,21.46,20.30
12/26/2020,23.08,20.00
12/27/2020,25.08,20.50
12/28/2020,22.84,20.10
12/29/2020,20.84,19.60
12/30/2020,8.9,19.30
12/31/2020,12.51,20.50
