Date,Time,Inflow from R1(m3/s),Inflow from S5 M3/S,Total Inflow (M3/S),Obs Flow (M3/S)
2-Oct-23,0:00,1.6,0.4,2,1.6
3-Oct-23,0:00,1.5,0.4,1.9,1.5
4-Oct-23,0:00,1.5,0.4,1.8,1.5
5-Oct-23,0:00,1.4,0.3,1.8,1.5
6-Oct-23,0:00,1.4,0.3,1.7,1.4
7-Oct-23,0:00,1.3,0.3,1.6,1.3
8-Oct-23,0:00,1.3,0.3,1.6,1.4
9-Oct-23,0:00,1.2,0.3,1.5,1.6
10-Oct-23,0:00,1.2,0.3,1.5,1.6
11-Oct-23,0:00,1.2,0.3,1.4,1.6
12-Oct-23,0:00,1.1,0.2,1.4,1.5
13-Oct-23,0:00,1.1,0.2,1.3,1.4
14-Oct-23,0:00,1.1,0.2,1.3,1.4
15-Oct-23,0:00,1.3,0.2,1.5,1.8
16-Oct-23,0:00,1.5,0.2,1.8,1.7
17-Oct-23,0:00,1.3,0.2,1.5,1.5
18-Oct-23,0:00,1.3,0.2,1.5,1.5
19-Oct-23,0:00,1.3,0.2,1.5,1.6
20-Oct-23,0:00,1.2,0.2,1.3,1.5
21-Oct-23,0:00,1.2,0.2,1.4,1.5
22-Oct-23,0:00,1.1,0.2,1.3,1.4
23-Oct-23,0:00,1.1,0.1,1.2,1.4
24-Oct-23,0:00,1,0.1,1.2,1.5
25-Oct-23,0:00,1.1,0.1,1.3,1.5
26-Oct-23,0:00,1.1,0.1,1.2,1.4
27-Oct-23,0:00,1,0.1,1.1,1.4
28-Oct-23,0:00,1,0.1,1.1,1.5
29-Oct-23,0:00,1.5,0.1,1.6,1.8
30-Oct-23,0:00,1.3,0.1,1.4,1.5
31-Oct-23,0:00,1.2,0.1,1.3,1.4
1-Nov-23,0:00,1.2,0.1,1.3,1.4
2-Nov-23,0:00,1.4,0.1,1.5,2
3-Nov-23,0:00,1.6,0.1,1.7,1.7
4-Nov-23,0:00,1.4,0.1,1.5,1.5
5-Nov-23,0:00,1.3,0.1,1.4,1.7
6-Nov-23,0:00,1.2,0.1,1.3,1.5
7-Nov-23,0:00,1.2,0.1,1.3,1.5
8-Nov-23,0:00,1.1,0.1,1.2,1.4
9-Nov-23,0:00,1.5,0.1,1.6,1.4
10-Nov-23,0:00,1.3,0.1,1.4,1.5
11-Nov-23,0:00,1.2,0.1,1.3,1.4
12-Nov-23,0:00,1.6,0.1,1.7,1.6
13-Nov-23,0:00,1.7,0.1,1.8,1.8
14-Nov-23,0:00,1.5,0.1,1.5,1.6
15-Nov-23,0:00,1.3,0.1,1.4,1.6
16-Nov-23,0:00,2.1,0.1,2.2,1.6
17-Nov-23,0:00,1.8,0.1,1.9,1.5
18-Nov-23,0:00,1.6,0.1,1.7,1.8
19-Nov-23,0:00,1.6,0.1,1.7,1.5
20-Nov-23,0:00,1.5,0.1,1.6,1.5
21-Nov-23,0:00,1.7,0.1,1.7,1.4
22-Nov-23,0:00,1.5,0.1,1.6,1.8
23-Nov-23,0:00,1.6,0.1,1.7,1.8
24-Nov-23,0:00,1.5,0.1,1.5,1.7
25-Nov-23,0:00,1.9,0.1,1.9,1.8
26-Nov-23,0:00,1.6,0.1,1.7,1.5
27-Nov-23,0:00,2.4,0.1,2.5,2
28-Nov-23,0:00,2.1,0.1,2.2,1.7
29-Nov-23,0:00,1.8,0.1,1.9,1.7
30-Nov-23,0:00,1.9,0.1,1.9,1.6
1-Dec-23,0:00,1.7,0.1,1.8,1.5
2-Dec-23,0:00,1.7,0.1,1.8,1.5
3-Dec-23,0:00,2,0.1,2,1.6
4-Dec-23,0:00,1.8,0.1,1.9,1.7
5-Dec-23,0:00,1.6,0.1,1.7,1.5
6-Dec-23,0:00,1.8,0.1,1.9,1.5
7-Dec-23,0:00,1.6,0.1,1.8,1.5
8-Dec-23,0:00,1.6,0.1,1.7,1.5
9-Dec-23,0:00,1.6,0.1,1.6,1.5
10-Dec-23,0:00,1.6,0.1,1.7,1.6
11-Dec-23,0:00,1.5,0.1,1.6,1.4
12-Dec-23,0:00,1.5,0.1,1.6,1.6
13-Dec-23,0:00,1.5,0.1,1.5,1.6
14-Dec-23,0:00,1.4,0.1,1.5,1.5
15-Dec-23,0:00,1.4,0.1,1.5,1.4
16-Dec-23,0:00,1.6,0.1,1.8,1.7
17-Dec-23,0:00,1.5,0.1,1.6,1.5
18-Dec-23,0:00,1.7,0.2,1.9,1.4
19-Dec-23,0:00,1.5,0.1,1.7,1.4
20-Dec-23,0:00,1.4,0.1,1.5,1.5
21-Dec-23,0:00,1.6,0.1,1.7,1.4
22-Dec-23,0:00,1.6,0.2,1.8,1.6
23-Dec-23,0:00,1.5,0.1,1.6,1.4
24-Dec-23,0:00,1.4,0.1,1.5,1.4
25-Dec-23,0:00,1.4,0.1,1.5,1.4
26-Dec-23,0:00,1.4,0.1,1.5,1.5
27-Dec-23,0:00,2,0.3,2.3,2.1
28-Dec-23,0:00,1.8,0.2,2,1.6
29-Dec-23,0:00,1.6,0.2,1.8,1.5
30-Dec-23,0:00,2,0.3,2.3,2.3
31-Dec-23,0:00,2,0.3,2.3,1.7
1-Jan-24,0:00,1.7,0.3,2,1.7
2-Jan-24,0:00,1.6,0.2,1.9,1.7
3-Jan-24,0:00,1.7,0.3,2,1.7
4-Jan-24,0:00,1.6,0.2,1.8,1.6
5-Jan-24,0:00,1.5,0.2,1.8,1.5
6-Jan-24,0:00,1.5,0.2,1.7,1.5
7-Jan-24,0:00,1.5,0.2,1.7,1.8
8-Jan-24,0:00,1.5,0.2,1.7,1.5
9-Jan-24,0:00,1.4,0.2,1.6,1.5
10-Jan-24,0:00,1.4,0.2,1.6,1.5
11-Jan-24,0:00,1.4,0.2,1.6,1.6
12-Jan-24,0:00,1.5,0.2,1.7,2
13-Jan-24,0:00,1.5,0.2,1.7,1.9
14-Jan-24,0:00,1.4,0.2,1.6,1.6
15-Jan-24,0:00,1.4,0.2,1.5,1.7
16-Jan-24,0:00,1.3,0.1,1.5,1.6
17-Jan-24,0:00,1.4,0.1,1.5,1.6
18-Jan-24,0:00,1.4,0.1,1.5,1.8
19-Jan-24,0:00,1.4,0.2,1.6,1.6
20-Jan-24,0:00,1.3,0.1,1.5,1.5
21-Jan-24,0:00,1.3,0.1,1.4,1.8
22-Jan-24,0:00,1.3,0.1,1.4,1.5
23-Jan-24,0:00,1.3,0.1,1.4,1.5
24-Jan-24,0:00,1.3,0.1,1.4,1.5
25-Jan-24,0:00,1.3,0.1,1.4,1.5
26-Jan-24,0:00,1.4,0.1,1.5,1.5
27-Jan-24,0:00,1.3,0.1,1.4,1.4
28-Jan-24,0:00,1.2,0.1,1.4,1.4
29-Jan-24,0:00,1.3,0.1,1.4,1.4
30-Jan-24,0:00,1.3,0.1,1.4,1.4
31-Jan-24,0:00,1.5,0.2,1.7,1.5
1-Feb-24,0:00,1.4,0.2,1.5,1.5
2-Feb-24,0:00,1.3,0.1,1.4,1.4
3-Feb-24,0:00,1.4,0.2,1.6,1.5
4-Feb-24,0:00,1.3,0.2,1.5,1.4
5-Feb-24,0:00,1.3,0.1,1.4,1.7
6-Feb-24,0:00,1.3,0.1,1.4,1.9
7-Feb-24,0:00,1.3,0.1,1.4,1.5
8-Feb-24,0:00,1.2,0.1,1.4,1.5
9-Feb-24,0:00,1.2,0.1,1.3,1.5
10-Feb-24,0:00,1.2,0.1,1.3,1.7
11-Feb-24,0:00,1.2,0.1,1.3,1.5
12-Feb-24,0:00,1.2,0.1,1.3,1.5
13-Feb-24,0:00,1.2,0.1,1.3,1.5
14-Feb-24,0:00,1.4,0.2,1.6,1.5
15-Feb-24,0:00,1.3,0.1,1.4,1.8
16-Feb-24,0:00,1.2,0.1,1.4,1.7
17-Feb-24,0:00,1.2,0.1,1.4,1.6
18-Feb-24,0:00,1.5,0.2,1.6,1.5
19-Feb-24,0:00,1.4,0.1,1.5,1.6
20-Feb-24,0:00,1.3,0.1,1.4,1.5
21-Feb-24,0:00,1.3,0.1,1.4,1.5
22-Feb-24,0:00,1.2,0.1,1.4,1.5
23-Feb-24,0:00,1.2,0.1,1.4,1.5
24-Feb-24,0:00,1.2,0.1,1.3,1.4
25-Feb-24,0:00,1.2,0.1,1.3,1.6
26-Feb-24,0:00,1.2,0.1,1.3,1.7
27-Feb-24,0:00,1.2,0.1,1.3,1.5
28-Feb-24,0:00,1.2,0.1,1.3,1.5
29-Feb-24,0:00,1.2,0.1,1.3,1.6
1-Mar-24,0:00,1.4,0.1,1.5,1.5
2-Mar-24,0:00,1.3,0.1,1.4,1.7
3-Mar-24,0:00,1.2,0.1,1.3,1.5
4-Mar-24,0:00,1.3,0.1,1.4,1.5
5-Mar-24,0:00,1.2,0.1,1.3,1.7
6-Mar-24,0:00,1.2,0.1,1.3,1.5
7-Mar-24,0:00,1.2,0.1,1.3,1.5
8-Mar-24,0:00,1.2,0.1,1.3,1.8
9-Mar-24,0:00,1.2,0.1,1.2,1.6
10-Mar-24,0:00,1.5,0.2,1.7,1.5
11-Mar-24,0:00,1.4,0.1,1.5,1.5
12-Mar-24,0:00,1.3,0.1,1.4,1.4
13-Mar-24,0:00,1.3,0.1,1.4,0.9
14-Mar-24,0:00,1.4,0.2,1.6,1.5
15-Mar-24,0:00,1.3,0.1,1.5,1.5
16-Mar-24,0:00,1.3,0.1,1.4,1.5
17-Mar-24,0:00,1.3,0.1,1.4,1.5
18-Mar-24,0:00,1.2,0.1,1.3,1.5
19-Mar-24,0:00,1.5,0.2,1.7,1.5
20-Mar-24,0:00,1.4,0.2,1.5,1.7
21-Mar-24,0:00,1.3,0.2,1.4,1.5
22-Mar-24,0:00,1.3,0.1,1.4,1.5
23-Mar-24,0:00,1.3,0.1,1.4,1.7
24-Mar-24,0:00,1.3,0.1,1.4,1.5
25-Mar-24,0:00,1.2,0.1,1.4,1.5
26-Mar-24,0:00,1.8,0.3,2,1.5
27-Mar-24,0:00,1.5,0.2,1.7,1.5
28-Mar-24,0:00,1.4,0.2,1.6,1.6
29-Mar-24,0:00,1.4,0.2,1.6,1.7
30-Mar-24,0:00,1.3,0.2,1.5,1.5
