Station_Name,Lat,Lon,Elev,Year,Month,Day,PRECIP(mm)
GITEGA,-1.96,30.06,1522,2020,1,1,0
GITEGA,-1.96,30.06,1522,2020,1,2,0.7
GITEGA,-1.96,30.06,1522,2020,1,3,0
GITEGA,-1.96,30.06,1522,2020,1,4,0.1
GITEGA,-1.96,30.06,1522,2020,1,5,2.8
GITEGA,-1.96,30.06,1522,2020,1,6,0
GITEGA,-1.96,30.06,1522,2020,1,7,6.8
GITEGA,-1.96,30.06,1522,2020,1,8,15.5
GITEGA,-1.96,30.06,1522,2020,1,9,3.4
GITEGA,-1.96,30.06,1522,2020,1,10,0.3
GITEGA,-1.96,30.06,1522,2020,1,11,0
GITEGA,-1.96,30.06,1522,2020,1,12,3.4
GITEGA,-1.96,30.06,1522,2020,1,13,0
GITEGA,-1.96,30.06,1522,2020,1,14,0
GITEGA,-1.96,30.06,1522,2020,1,15,0
GITEGA,-1.96,30.06,1522,2020,1,16,9
GITEGA,-1.96,30.06,1522,2020,1,17,2.2
GITEGA,-1.96,30.06,1522,2020,1,18,2.3
GITEGA,-1.96,30.06,1522,2020,1,19,0.3
GITEGA,-1.96,30.06,1522,2020,1,20,0
GITEGA,-1.96,30.06,1522,2020,1,21,0
GITEGA,-1.96,30.06,1522,2020,1,22,11.7
GITEGA,-1.96,30.06,1522,2020,1,23,20.4
GITEGA,-1.96,30.06,1522,2020,1,24,0.1
GITEGA,-1.96,30.06,1522,2020,1,25,0
GITEGA,-1.96,30.06,1522,2020,1,26,3
GITEGA,-1.96,30.06,1522,2020,1,27,0.1
GITEGA,-1.96,30.06,1522,2020,1,28,82.5
GITEGA,-1.96,30.06,1522,2020,1,29,0.3
GITEGA,-1.96,30.06,1522,2020,1,30,0
GITEGA,-1.96,30.06,1522,2020,1,31,0
GITEGA,-1.96,30.06,1522,2020,2,1,23.6
GITEGA,-1.96,30.06,1522,2020,2,2,43.45
GITEGA,-1.96,30.06,1522,2020,2,3,23
GITEGA,-1.96,30.06,1522,2020,2,4,4.2
GITEGA,-1.96,30.06,1522,2020,2,5,12.3
GITEGA,-1.96,30.06,1522,2020,2,6,2
GITEGA,-1.96,30.06,1522,2020,2,7,0
GITEGA,-1.96,30.06,1522,2020,2,8,0
GITEGA,-1.96,30.06,1522,2020,2,9,0
GITEGA,-1.96,30.06,1522,2020,2,10,0
GITEGA,-1.96,30.06,1522,2020,2,11,0
GITEGA,-1.96,30.06,1522,2020,2,12,0
GITEGA,-1.96,30.06,1522,2020,2,13,0
GITEGA,-1.96,30.06,1522,2020,2,14,2
GITEGA,-1.96,30.06,1522,2020,2,15,0
GITEGA,-1.96,30.06,1522,2020,2,16,0
GITEGA,-1.96,30.06,1522,2020,2,17,0
GITEGA,-1.96,30.06,1522,2020,2,18,0
GITEGA,-1.96,30.06,1522,2020,2,19,8
GITEGA,-1.96,30.06,1522,2020,2,20,4.2
GITEGA,-1.96,30.06,1522,2020,2,21,1.3
GITEGA,-1.96,30.06,1522,2020,2,22,1.5
GITEGA,-1.96,30.06,1522,2020,2,23,0.5
GITEGA,-1.96,30.06,1522,2020,2,24,1.45
GITEGA,-1.96,30.06,1522,2020,2,25,7.8
GITEGA,-1.96,30.06,1522,2020,2,26,0
GITEGA,-1.96,30.06,1522,2020,2,27,0
GITEGA,-1.96,30.06,1522,2020,2,28,15.7
GITEGA,-1.96,30.06,1522,2020,2,29,0
GITEGA,-1.96,30.06,1522,2020,3,1,54.6
GITEGA,-1.96,30.06,1522,2020,3,2,14.3
GITEGA,-1.96,30.06,1522,2020,3,3,16.8
GITEGA,-1.96,30.06,1522,2020,3,4,4
GITEGA,-1.96,30.06,1522,2020,3,5,1.5
GITEGA,-1.96,30.06,1522,2020,3,6,0.3
GITEGA,-1.96,30.06,1522,2020,3,7,0
GITEGA,-1.96,30.06,1522,2020,3,8,0
GITEGA,-1.96,30.06,1522,2020,3,9,13.1
GITEGA,-1.96,30.06,1522,2020,3,10,0.2
GITEGA,-1.96,30.06,1522,2020,3,11,4.7
GITEGA,-1.96,30.06,1522,2020,3,12,7.5
GITEGA,-1.96,30.06,1522,2020,3,13,0.2
GITEGA,-1.96,30.06,1522,2020,3,14,0
GITEGA,-1.96,30.06,1522,2020,3,15,0
GITEGA,-1.96,30.06,1522,2020,3,16,0
GITEGA,-1.96,30.06,1522,2020,3,17,41.2
GITEGA,-1.96,30.06,1522,2020,3,18,3.5
GITEGA,-1.96,30.06,1522,2020,3,19,4.5
GITEGA,-1.96,30.06,1522,2020,3,20,0.7
GITEGA,-1.96,30.06,1522,2020,3,21,20.9
GITEGA,-1.96,30.06,1522,2020,3,22,0
GITEGA,-1.96,30.06,1522,2020,3,23,0
GITEGA,-1.96,30.06,1522,2020,3,24,15.7
GITEGA,-1.96,30.06,1522,2020,3,25,0.2
GITEGA,-1.96,30.06,1522,2020,3,26,3.3
GITEGA,-1.96,30.06,1522,2020,3,27,6.1
GITEGA,-1.96,30.06,1522,2020,3,28,0
GITEGA,-1.96,30.06,1522,2020,3,29,0.2
GITEGA,-1.96,30.06,1522,2020,3,30,0
GITEGA,-1.96,30.06,1522,2020,3,31,0.5
GITEGA,-1.96,30.06,1522,2020,4,1,3.2
GITEGA,-1.96,30.06,1522,2020,4,2,2.95
GITEGA,-1.96,30.06,1522,2020,4,3,0.3
GITEGA,-1.96,30.06,1522,2020,4,4,0.3
GITEGA,-1.96,30.06,1522,2020,4,5,0
GITEGA,-1.96,30.06,1522,2020,4,6,0.25
GITEGA,-1.96,30.06,1522,2020,4,7,3.15
GITEGA,-1.96,30.06,1522,2020,4,8,2.9
GITEGA,-1.96,30.06,1522,2020,4,9,3.15
GITEGA,-1.96,30.06,1522,2020,4,10,10.5
GITEGA,-1.96,30.06,1522,2020,4,11,7.2
GITEGA,-1.96,30.06,1522,2020,4,12,0
GITEGA,-1.96,30.06,1522,2020,4,13,7
GITEGA,-1.96,30.06,1522,2020,4,14,7.8
GITEGA,-1.96,30.06,1522,2020,4,15,0.8
GITEGA,-1.96,30.06,1522,2020,4,16,48
GITEGA,-1.96,30.06,1522,2020,4,17,51.6
GITEGA,-1.96,30.06,1522,2020,4,18,14.7
GITEGA,-1.96,30.06,1522,2020,4,19,19.1
GITEGA,-1.96,30.06,1522,2020,4,20,8.5
GITEGA,-1.96,30.06,1522,2020,4,21,16.35
GITEGA,-1.96,30.06,1522,2020,4,22,16.1
GITEGA,-1.96,30.06,1522,2020,4,23,9.6
GITEGA,-1.96,30.06,1522,2020,4,24,32.25
GITEGA,-1.96,30.06,1522,2020,4,25,22.95
GITEGA,-1.96,30.06,1522,2020,4,26,0.35
GITEGA,-1.96,30.06,1522,2020,4,27,1.5
GITEGA,-1.96,30.06,1522,2020,4,28,6.65
GITEGA,-1.96,30.06,1522,2020,4,29,12.1
GITEGA,-1.96,30.06,1522,2020,4,30,10.15
GITEGA,-1.96,30.06,1522,2020,5,1,1
GITEGA,-1.96,30.06,1522,2020,5,2,0.2
GITEGA,-1.96,30.06,1522,2020,5,3,0.1
GITEGA,-1.96,30.06,1522,2020,5,4,0
GITEGA,-1.96,30.06,1522,2020,5,5,0
GITEGA,-1.96,30.06,1522,2020,5,6,0
GITEGA,-1.96,30.06,1522,2020,5,7,2.3
GITEGA,-1.96,30.06,1522,2020,5,8,0
GITEGA,-1.96,30.06,1522,2020,5,9,0.2
GITEGA,-1.96,30.06,1522,2020,5,10,0
GITEGA,-1.96,30.06,1522,2020,5,11,1.3
GITEGA,-1.96,30.06,1522,2020,5,12,14.4
GITEGA,-1.96,30.06,1522,2020,5,13,0.1
GITEGA,-1.96,30.06,1522,2020,5,14,0
GITEGA,-1.96,30.06,1522,2020,5,15,0
GITEGA,-1.96,30.06,1522,2020,5,16,6.5
GITEGA,-1.96,30.06,1522,2020,5,17,1
GITEGA,-1.96,30.06,1522,2020,5,18,0
GITEGA,-1.96,30.06,1522,2020,5,19,0
GITEGA,-1.96,30.06,1522,2020,5,20,1.6
GITEGA,-1.96,30.06,1522,2020,5,21,0
GITEGA,-1.96,30.06,1522,2020,5,22,0
GITEGA,-1.96,30.06,1522,2020,5,23,0
GITEGA,-1.96,30.06,1522,2020,5,24,0
GITEGA,-1.96,30.06,1522,2020,5,25,0
GITEGA,-1.96,30.06,1522,2020,5,26,0
GITEGA,-1.96,30.06,1522,2020,5,27,0
GITEGA,-1.96,30.06,1522,2020,5,28,0
GITEGA,-1.96,30.06,1522,2020,5,29,0
GITEGA,-1.96,30.06,1522,2020,5,30,0
GITEGA,-1.96,30.06,1522,2020,5,31,0
GITEGA,-1.96,30.06,1522,2020,6,1,0
GITEGA,-1.96,30.06,1522,2020,6,2,0
GITEGA,-1.96,30.06,1522,2020,6,3,0
GITEGA,-1.96,30.06,1522,2020,6,4,0
GITEGA,-1.96,30.06,1522,2020,6,5,0
GITEGA,-1.96,30.06,1522,2020,6,6,0
GITEGA,-1.96,30.06,1522,2020,6,7,0
GITEGA,-1.96,30.06,1522,2020,6,8,0
GITEGA,-1.96,30.06,1522,2020,6,9,0
GITEGA,-1.96,30.06,1522,2020,6,10,0.55
GITEGA,-1.96,30.06,1522,2020,6,11,0
GITEGA,-1.96,30.06,1522,2020,6,12,1.7
GITEGA,-1.96,30.06,1522,2020,6,13,0.85
GITEGA,-1.96,30.06,1522,2020,6,14,0.3
GITEGA,-1.96,30.06,1522,2020,6,15,0
GITEGA,-1.96,30.06,1522,2020,6,16,0
GITEGA,-1.96,30.06,1522,2020,6,17,0
GITEGA,-1.96,30.06,1522,2020,6,18,0
GITEGA,-1.96,30.06,1522,2020,6,19,0
GITEGA,-1.96,30.06,1522,2020,6,20,0
GITEGA,-1.96,30.06,1522,2020,6,21,1.3
GITEGA,-1.96,30.06,1522,2020,6,22,0
GITEGA,-1.96,30.06,1522,2020,6,23,0
GITEGA,-1.96,30.06,1522,2020,6,24,0
GITEGA,-1.96,30.06,1522,2020,6,25,0
GITEGA,-1.96,30.06,1522,2020,6,26,0
GITEGA,-1.96,30.06,1522,2020,6,27,0
GITEGA,-1.96,30.06,1522,2020,6,28,0
GITEGA,-1.96,30.06,1522,2020,6,29,0
GITEGA,-1.96,30.06,1522,2020,6,30,0
GITEGA,-1.96,30.06,1522,2020,7,1,0
GITEGA,-1.96,30.06,1522,2020,7,2,0
GITEGA,-1.96,30.06,1522,2020,7,3,0
GITEGA,-1.96,30.06,1522,2020,7,4,0
GITEGA,-1.96,30.06,1522,2020,7,5,0
GITEGA,-1.96,30.06,1522,2020,7,6,0
GITEGA,-1.96,30.06,1522,2020,7,7,0
GITEGA,-1.96,30.06,1522,2020,7,8,0
GITEGA,-1.96,30.06,1522,2020,7,9,0
GITEGA,-1.96,30.06,1522,2020,7,10,0
GITEGA,-1.96,30.06,1522,2020,7,11,0
GITEGA,-1.96,30.06,1522,2020,7,12,0
GITEGA,-1.96,30.06,1522,2020,7,13,0
GITEGA,-1.96,30.06,1522,2020,7,14,0
GITEGA,-1.96,30.06,1522,2020,7,15,0
GITEGA,-1.96,30.06,1522,2020,7,16,0.1
GITEGA,-1.96,30.06,1522,2020,7,17,0.9
GITEGA,-1.96,30.06,1522,2020,7,18,0
GITEGA,-1.96,30.06,1522,2020,7,19,0
GITEGA,-1.96,30.06,1522,2020,7,20,0
GITEGA,-1.96,30.06,1522,2020,7,21,0
GITEGA,-1.96,30.06,1522,2020,7,22,0
GITEGA,-1.96,30.06,1522,2020,7,23,0.1
GITEGA,-1.96,30.06,1522,2020,7,24,0.1
GITEGA,-1.96,30.06,1522,2020,7,25,0
GITEGA,-1.96,30.06,1522,2020,7,26,0
GITEGA,-1.96,30.06,1522,2020,7,27,0
GITEGA,-1.96,30.06,1522,2020,7,28,0
GITEGA,-1.96,30.06,1522,2020,7,29,0
GITEGA,-1.96,30.06,1522,2020,7,30,0
GITEGA,-1.96,30.06,1522,2020,7,31,0
GITEGA,-1.96,30.06,1522,2020,8,1,0
GITEGA,-1.96,30.06,1522,2020,8,2,0
GITEGA,-1.96,30.06,1522,2020,8,3,0
GITEGA,-1.96,30.06,1522,2020,8,4,0
GITEGA,-1.96,30.06,1522,2020,8,5,0
GITEGA,-1.96,30.06,1522,2020,8,6,0
GITEGA,-1.96,30.06,1522,2020,8,7,0
GITEGA,-1.96,30.06,1522,2020,8,8,0
GITEGA,-1.96,30.06,1522,2020,8,9,0
GITEGA,-1.96,30.06,1522,2020,8,10,0.1
GITEGA,-1.96,30.06,1522,2020,8,11,0
GITEGA,-1.96,30.06,1522,2020,8,12,0
GITEGA,-1.96,30.06,1522,2020,8,13,0
GITEGA,-1.96,30.06,1522,2020,8,14,0
GITEGA,-1.96,30.06,1522,2020,8,15,0
GITEGA,-1.96,30.06,1522,2020,8,16,0
GITEGA,-1.96,30.06,1522,2020,8,17,0
GITEGA,-1.96,30.06,1522,2020,8,18,0
GITEGA,-1.96,30.06,1522,2020,8,19,0
GITEGA,-1.96,30.06,1522,2020,8,20,0
GITEGA,-1.96,30.06,1522,2020,8,21,0.02
GITEGA,-1.96,30.06,1522,2020,8,22,0
GITEGA,-1.96,30.06,1522,2020,8,23,0
GITEGA,-1.96,30.06,1522,2020,8,24,0
GITEGA,-1.96,30.06,1522,2020,8,25,0
GITEGA,-1.96,30.06,1522,2020,8,26,0
GITEGA,-1.96,30.06,1522,2020,8,27,0
GITEGA,-1.96,30.06,1522,2020,8,28,0
GITEGA,-1.96,30.06,1522,2020,8,29,0
GITEGA,-1.96,30.06,1522,2020,8,30,0
GITEGA,-1.96,30.06,1522,2020,8,31,0.1
GITEGA,-1.96,30.06,1522,2020,9,1,0.1
GITEGA,-1.96,30.06,1522,2020,9,2,0
GITEGA,-1.96,30.06,1522,2020,9,3,0
GITEGA,-1.96,30.06,1522,2020,9,4,0
GITEGA,-1.96,30.06,1522,2020,9,5,0
GITEGA,-1.96,30.06,1522,2020,9,6,0.15
GITEGA,-1.96,30.06,1522,2020,9,7,1.95
GITEGA,-1.96,30.06,1522,2020,9,8,2.15
GITEGA,-1.96,30.06,1522,2020,9,9,0.35
GITEGA,-1.96,30.06,1522,2020,9,10,0
GITEGA,-1.96,30.06,1522,2020,9,11,0
GITEGA,-1.96,30.06,1522,2020,9,12,0
GITEGA,-1.96,30.06,1522,2020,9,13,0
GITEGA,-1.96,30.06,1522,2020,9,14,0.5
GITEGA,-1.96,30.06,1522,2020,9,15,0.6
GITEGA,-1.96,30.06,1522,2020,9,16,0.35
GITEGA,-1.96,30.06,1522,2020,9,17,0.25
GITEGA,-1.96,30.06,1522,2020,9,18,0
GITEGA,-1.96,30.06,1522,2020,9,19,0
GITEGA,-1.96,30.06,1522,2020,9,20,0
GITEGA,-1.96,30.06,1522,2020,9,21,0.05
GITEGA,-1.96,30.06,1522,2020,9,22,0.8
GITEGA,-1.96,30.06,1522,2020,9,23,3.45
GITEGA,-1.96,30.06,1522,2020,9,24,0.7
GITEGA,-1.96,30.06,1522,2020,9,25,0.95
GITEGA,-1.96,30.06,1522,2020,9,26,6.7
GITEGA,-1.96,30.06,1522,2020,9,27,6.15
GITEGA,-1.96,30.06,1522,2020,9,28,5.35
GITEGA,-1.96,30.06,1522,2020,9,29,5.6
GITEGA,-1.96,30.06,1522,2020,9,30,4.25
GITEGA,-1.96,30.06,1522,2020,10,1,9.6
GITEGA,-1.96,30.06,1522,2020,10,2,2.2
GITEGA,-1.96,30.06,1522,2020,10,3,0.6
GITEGA,-1.96,30.06,1522,2020,10,4,8.2
GITEGA,-1.96,30.06,1522,2020,10,5,0
GITEGA,-1.96,30.06,1522,2020,10,6,0
GITEGA,-1.96,30.06,1522,2020,10,7,0
GITEGA,-1.96,30.06,1522,2020,10,8,6.8
GITEGA,-1.96,30.06,1522,2020,10,9,0
GITEGA,-1.96,30.06,1522,2020,10,10,0
GITEGA,-1.96,30.06,1522,2020,10,11,0
GITEGA,-1.96,30.06,1522,2020,10,12,0
GITEGA,-1.96,30.06,1522,2020,10,13,0
GITEGA,-1.96,30.06,1522,2020,10,14,0
GITEGA,-1.96,30.06,1522,2020,10,15,1.5
GITEGA,-1.96,30.06,1522,2020,10,16,0
GITEGA,-1.96,30.06,1522,2020,10,17,0
GITEGA,-1.96,30.06,1522,2020,10,18,0
GITEGA,-1.96,30.06,1522,2020,10,19,2.1
GITEGA,-1.96,30.06,1522,2020,10,20,20.6
GITEGA,-1.96,30.06,1522,2020,10,21,5.1
GITEGA,-1.96,30.06,1522,2020,10,22,0
GITEGA,-1.96,30.06,1522,2020,10,23,0.1
GITEGA,-1.96,30.06,1522,2020,10,24,0
GITEGA,-1.96,30.06,1522,2020,10,25,1.2
GITEGA,-1.96,30.06,1522,2020,10,26,4.1
GITEGA,-1.96,30.06,1522,2020,10,27,56.3
GITEGA,-1.96,30.06,1522,2020,10,28,1
GITEGA,-1.96,30.06,1522,2020,10,29,18.9
GITEGA,-1.96,30.06,1522,2020,10,30,13
GITEGA,-1.96,30.06,1522,2020,10,31,12.7
GITEGA,-1.96,30.06,1522,2020,11,1,0.7
GITEGA,-1.96,30.06,1522,2020,11,2,5.9
GITEGA,-1.96,30.06,1522,2020,11,3,0
GITEGA,-1.96,30.06,1522,2020,11,4,0
GITEGA,-1.96,30.06,1522,2020,11,5,12.3
GITEGA,-1.96,30.06,1522,2020,11,6,14
GITEGA,-1.96,30.06,1522,2020,11,7,0.4
GITEGA,-1.96,30.06,1522,2020,11,8,9.9
GITEGA,-1.96,30.06,1522,2020,11,9,0
GITEGA,-1.96,30.06,1522,2020,11,10,39
GITEGA,-1.96,30.06,1522,2020,11,11,0.7
GITEGA,-1.96,30.06,1522,2020,11,12,0
GITEGA,-1.96,30.06,1522,2020,11,13,6.2
GITEGA,-1.96,30.06,1522,2020,11,14,5.3
GITEGA,-1.96,30.06,1522,2020,11,15,11.2
GITEGA,-1.96,30.06,1522,2020,11,16,0
GITEGA,-1.96,30.06,1522,2020,11,17,1
GITEGA,-1.96,30.06,1522,2020,11,18,1.6
GITEGA,-1.96,30.06,1522,2020,11,19,0
GITEGA,-1.96,30.06,1522,2020,11,20,0
GITEGA,-1.96,30.06,1522,2020,11,21,3.4
GITEGA,-1.96,30.06,1522,2020,11,22,1
GITEGA,-1.96,30.06,1522,2020,11,23,0.6
GITEGA,-1.96,30.06,1522,2020,11,24,15.2
GITEGA,-1.96,30.06,1522,2020,11,25,13.3
GITEGA,-1.96,30.06,1522,2020,11,26,0
GITEGA,-1.96,30.06,1522,2020,11,27,0
GITEGA,-1.96,30.06,1522,2020,11,28,9.6
GITEGA,-1.96,30.06,1522,2020,11,29,8
GITEGA,-1.96,30.06,1522,2020,11,30,0.2
GITEGA,-1.96,30.06,1522,2020,12,1,0.1
GITEGA,-1.96,30.06,1522,2020,12,2,0.85
GITEGA,-1.96,30.06,1522,2020,12,3,4
GITEGA,-1.96,30.06,1522,2020,12,4,3.2
GITEGA,-1.96,30.06,1522,2020,12,5,0.05
GITEGA,-1.96,30.06,1522,2020,12,6,0
GITEGA,-1.96,30.06,1522,2020,12,7,3.35
GITEGA,-1.96,30.06,1522,2020,12,8,0.05
GITEGA,-1.96,30.06,1522,2020,12,9,0
GITEGA,-1.96,30.06,1522,2020,12,10,0
GITEGA,-1.96,30.06,1522,2020,12,11,0
GITEGA,-1.96,30.06,1522,2020,12,12,0
GITEGA,-1.96,30.06,1522,2020,12,13,5.65
GITEGA,-1.96,30.06,1522,2020,12,14,5.65
GITEGA,-1.96,30.06,1522,2020,12,15,0
GITEGA,-1.96,30.06,1522,2020,12,16,0
GITEGA,-1.96,30.06,1522,2020,12,17,0.05
GITEGA,-1.96,30.06,1522,2020,12,18,2.25
GITEGA,-1.96,30.06,1522,2020,12,19,13
GITEGA,-1.96,30.06,1522,2020,12,20,17.6
GITEGA,-1.96,30.06,1522,2020,12,21,11.35
GITEGA,-1.96,30.06,1522,2020,12,22,4.55
GITEGA,-1.96,30.06,1522,2020,12,23,0
GITEGA,-1.96,30.06,1522,2020,12,24,2.45
GITEGA,-1.96,30.06,1522,2020,12,25,2.45
GITEGA,-1.96,30.06,1522,2020,12,26,1.15
GITEGA,-1.96,30.06,1522,2020,12,27,1.75
GITEGA,-1.96,30.06,1522,2020,12,28,0.6
GITEGA,-1.96,30.06,1522,2020,12,29,0
GITEGA,-1.96,30.06,1522,2020,12,30,0
GITEGA,-1.96,30.06,1522,2020,12,31,2.25
GITEGA,-1.96,30.06,1522,2021,1,1,0
GITEGA,-1.96,30.06,1522,2021,1,2,11.9
GITEGA,-1.96,30.06,1522,2021,1,3,0.2
GITEGA,-1.96,30.06,1522,2021,1,4,1.5
GITEGA,-1.96,30.06,1522,2021,1,5,0
GITEGA,-1.96,30.06,1522,2021,1,6,7.8
GITEGA,-1.96,30.06,1522,2021,1,7,0
GITEGA,-1.96,30.06,1522,2021,1,8,57.9
GITEGA,-1.96,30.06,1522,2021,1,9,4.1
GITEGA,-1.96,30.06,1522,2021,1,10,1.1
GITEGA,-1.96,30.06,1522,2021,1,11,1.2
GITEGA,-1.96,30.06,1522,2021,1,12,2.7
GITEGA,-1.96,30.06,1522,2021,1,13,27.3
GITEGA,-1.96,30.06,1522,2021,1,14,0.5
GITEGA,-1.96,30.06,1522,2021,1,15,6.6
GITEGA,-1.96,30.06,1522,2021,1,16,2.5
GITEGA,-1.96,30.06,1522,2021,1,17,0
GITEGA,-1.96,30.06,1522,2021,1,18,0
GITEGA,-1.96,30.06,1522,2021,1,19,19.6
GITEGA,-1.96,30.06,1522,2021,1,20,2.1
GITEGA,-1.96,30.06,1522,2021,1,21,0
GITEGA,-1.96,30.06,1522,2021,1,22,0
GITEGA,-1.96,30.06,1522,2021,1,23,1.2
GITEGA,-1.96,30.06,1522,2021,1,24,0
GITEGA,-1.96,30.06,1522,2021,1,25,0
GITEGA,-1.96,30.06,1522,2021,1,26,0
GITEGA,-1.96,30.06,1522,2021,1,27,4.4
GITEGA,-1.96,30.06,1522,2021,1,28,0
GITEGA,-1.96,30.06,1522,2021,1,29,1.1
GITEGA,-1.96,30.06,1522,2021,1,30,0
GITEGA,-1.96,30.06,1522,2021,1,31,0
GITEGA,-1.96,30.06,1522,2021,2,1,0
GITEGA,-1.96,30.06,1522,2021,2,2,0
GITEGA,-1.96,30.06,1522,2021,2,3,0
GITEGA,-1.96,30.06,1522,2021,2,4,2.4
GITEGA,-1.96,30.06,1522,2021,2,5,33.3
GITEGA,-1.96,30.06,1522,2021,2,6,1.3
GITEGA,-1.96,30.06,1522,2021,2,7,0
GITEGA,-1.96,30.06,1522,2021,2,8,18.3
GITEGA,-1.96,30.06,1522,2021,2,9,0
GITEGA,-1.96,30.06,1522,2021,2,10,0
GITEGA,-1.96,30.06,1522,2021,2,11,2.5
GITEGA,-1.96,30.06,1522,2021,2,12,0.3
GITEGA,-1.96,30.06,1522,2021,2,13,11.6
GITEGA,-1.96,30.06,1522,2021,2,14,8
GITEGA,-1.96,30.06,1522,2021,2,15,10.7
GITEGA,-1.96,30.06,1522,2021,2,16,0.2
GITEGA,-1.96,30.06,1522,2021,2,17,0
GITEGA,-1.96,30.06,1522,2021,2,18,13.65
GITEGA,-1.96,30.06,1522,2021,2,19,0
GITEGA,-1.96,30.06,1522,2021,2,20,0
GITEGA,-1.96,30.06,1522,2021,2,21,0
GITEGA,-1.96,30.06,1522,2021,2,22,14.8
GITEGA,-1.96,30.06,1522,2021,2,23,1.4
GITEGA,-1.96,30.06,1522,2021,2,24,4.7
GITEGA,-1.96,30.06,1522,2021,2,25,0
GITEGA,-1.96,30.06,1522,2021,2,26,2.1
GITEGA,-1.96,30.06,1522,2021,2,27,0
GITEGA,-1.96,30.06,1522,2021,2,28,0
GITEGA,-1.96,30.06,1522,2021,3,1,0
GITEGA,-1.96,30.06,1522,2021,3,2,0
GITEGA,-1.96,30.06,1522,2021,3,3,20.05
GITEGA,-1.96,30.06,1522,2021,3,4,20.05
GITEGA,-1.96,30.06,1522,2021,3,5,3.9
GITEGA,-1.96,30.06,1522,2021,3,6,3.9
GITEGA,-1.96,30.06,1522,2021,3,7,3.35
GITEGA,-1.96,30.06,1522,2021,3,8,1.2
GITEGA,-1.96,30.06,1522,2021,3,9,2.6
GITEGA,-1.96,30.06,1522,2021,3,10,1.4
GITEGA,-1.96,30.06,1522,2021,3,11,0
GITEGA,-1.96,30.06,1522,2021,3,12,0
GITEGA,-1.96,30.06,1522,2021,3,13,0
GITEGA,-1.96,30.06,1522,2021,3,14,0
GITEGA,-1.96,30.06,1522,2021,3,15,0
GITEGA,-1.96,30.06,1522,2021,3,16,20.55
GITEGA,-1.96,30.06,1522,2021,3,17,27.85
GITEGA,-1.96,30.06,1522,2021,3,18,10.75
GITEGA,-1.96,30.06,1522,2021,3,19,4
GITEGA,-1.96,30.06,1522,2021,3,20,7.2
GITEGA,-1.96,30.06,1522,2021,3,21,11.35
GITEGA,-1.96,30.06,1522,2021,3,22,6.2
GITEGA,-1.96,30.06,1522,2021,3,23,4.75
GITEGA,-1.96,30.06,1522,2021,3,24,3.25
GITEGA,-1.96,30.06,1522,2021,3,25,0
GITEGA,-1.96,30.06,1522,2021,3,26,1.05
GITEGA,-1.96,30.06,1522,2021,3,27,3.1
GITEGA,-1.96,30.06,1522,2021,3,28,2.05
GITEGA,-1.96,30.06,1522,2021,3,29,0.25
GITEGA,-1.96,30.06,1522,2021,3,30,9.05
GITEGA,-1.96,30.06,1522,2021,3,31,8.8
GITEGA,-1.96,30.06,1522,2021,4,1,0
GITEGA,-1.96,30.06,1522,2021,4,2,0
GITEGA,-1.96,30.06,1522,2021,4,3,22.7
GITEGA,-1.96,30.06,1522,2021,4,4,0.1
GITEGA,-1.96,30.06,1522,2021,4,5,2.3
GITEGA,-1.96,30.06,1522,2021,4,6,0
GITEGA,-1.96,30.06,1522,2021,4,7,2.8
GITEGA,-1.96,30.06,1522,2021,4,8,7.4
GITEGA,-1.96,30.06,1522,2021,4,9,0.1
GITEGA,-1.96,30.06,1522,2021,4,10,16.5
GITEGA,-1.96,30.06,1522,2021,4,11,0.3
GITEGA,-1.96,30.06,1522,2021,4,12,10.1
GITEGA,-1.96,30.06,1522,2021,4,13,1.1
GITEGA,-1.96,30.06,1522,2021,4,14,0
GITEGA,-1.96,30.06,1522,2021,4,15,0
GITEGA,-1.96,30.06,1522,2021,4,16,0
GITEGA,-1.96,30.06,1522,2021,4,17,7.4
GITEGA,-1.96,30.06,1522,2021,4,18,10.9
GITEGA,-1.96,30.06,1522,2021,4,19,0.8
GITEGA,-1.96,30.06,1522,2021,4,20,21.5
GITEGA,-1.96,30.06,1522,2021,4,21,5.4
GITEGA,-1.96,30.06,1522,2021,4,22,5.6
GITEGA,-1.96,30.06,1522,2021,4,23,7.4
GITEGA,-1.96,30.06,1522,2021,4,24,0.1
GITEGA,-1.96,30.06,1522,2021,4,25,4.2
GITEGA,-1.96,30.06,1522,2021,4,26,0
GITEGA,-1.96,30.06,1522,2021,4,27,0
GITEGA,-1.96,30.06,1522,2021,4,28,0
GITEGA,-1.96,30.06,1522,2021,4,29,0
GITEGA,-1.96,30.06,1522,2021,4,30,4.2
GITEGA,-1.96,30.06,1522,2021,5,1,2.1
GITEGA,-1.96,30.06,1522,2021,5,2,0.1
GITEGA,-1.96,30.06,1522,2021,5,3,1.65
GITEGA,-1.96,30.06,1522,2021,5,4,5.35
GITEGA,-1.96,30.06,1522,2021,5,5,4.4
GITEGA,-1.96,30.06,1522,2021,5,6,7
GITEGA,-1.96,30.06,1522,2021,5,7,12.05
GITEGA,-1.96,30.06,1522,2021,5,8,6.25
GITEGA,-1.96,30.06,1522,2021,5,9,29.65
GITEGA,-1.96,30.06,1522,2021,5,10,38.35
GITEGA,-1.96,30.06,1522,2021,5,11,10.15
GITEGA,-1.96,30.06,1522,2021,5,12,12.6
GITEGA,-1.96,30.06,1522,2021,5,13,12.05
GITEGA,-1.96,30.06,1522,2021,5,14,5.4
GITEGA,-1.96,30.06,1522,2021,5,15,5.1
GITEGA,-1.96,30.06,1522,2021,5,16,0.2
GITEGA,-1.96,30.06,1522,2021,5,17,1.75
GITEGA,-1.96,30.06,1522,2021,5,18,1.75
GITEGA,-1.96,30.06,1522,2021,5,19,0
GITEGA,-1.96,30.06,1522,2021,5,20,0
GITEGA,-1.96,30.06,1522,2021,5,21,0
GITEGA,-1.96,30.06,1522,2021,5,22,0
GITEGA,-1.96,30.06,1522,2021,5,23,0
GITEGA,-1.96,30.06,1522,2021,5,24,0
GITEGA,-1.96,30.06,1522,2021,5,25,0
GITEGA,-1.96,30.06,1522,2021,5,26,0
GITEGA,-1.96,30.06,1522,2021,5,27,0
GITEGA,-1.96,30.06,1522,2021,5,28,0
GITEGA,-1.96,30.06,1522,2021,5,29,0
GITEGA,-1.96,30.06,1522,2021,5,30,0
GITEGA,-1.96,30.06,1522,2021,5,31,0
GITEGA,-1.96,30.06,1522,2021,6,1,0
GITEGA,-1.96,30.06,1522,2021,6,2,0
GITEGA,-1.96,30.06,1522,2021,6,3,0
GITEGA,-1.96,30.06,1522,2021,6,4,0
GITEGA,-1.96,30.06,1522,2021,6,5,0
GITEGA,-1.96,30.06,1522,2021,6,6,0
GITEGA,-1.96,30.06,1522,2021,6,7,0
GITEGA,-1.96,30.06,1522,2021,6,8,0
GITEGA,-1.96,30.06,1522,2021,6,9,0
GITEGA,-1.96,30.06,1522,2021,6,10,0
GITEGA,-1.96,30.06,1522,2021,6,11,0
GITEGA,-1.96,30.06,1522,2021,6,12,0
GITEGA,-1.96,30.06,1522,2021,6,13,0
GITEGA,-1.96,30.06,1522,2021,6,14,0
GITEGA,-1.96,30.06,1522,2021,6,15,0
GITEGA,-1.96,30.06,1522,2021,6,16,0
GITEGA,-1.96,30.06,1522,2021,6,17,0.15
GITEGA,-1.96,30.06,1522,2021,6,18,0.75
GITEGA,-1.96,30.06,1522,2021,6,19,0.6
GITEGA,-1.96,30.06,1522,2021,6,20,0
GITEGA,-1.96,30.06,1522,2021,6,21,0
GITEGA,-1.96,30.06,1522,2021,6,22,0
GITEGA,-1.96,30.06,1522,2021,6,23,0
GITEGA,-1.96,30.06,1522,2021,6,24,0
GITEGA,-1.96,30.06,1522,2021,6,25,0
GITEGA,-1.96,30.06,1522,2021,6,26,0
GITEGA,-1.96,30.06,1522,2021,6,27,0
GITEGA,-1.96,30.06,1522,2021,6,28,0
GITEGA,-1.96,30.06,1522,2021,6,29,0
GITEGA,-1.96,30.06,1522,2021,6,30,0
GITEGA,-1.96,30.06,1522,2021,7,1,0
GITEGA,-1.96,30.06,1522,2021,7,2,0
GITEGA,-1.96,30.06,1522,2021,7,3,0
GITEGA,-1.96,30.06,1522,2021,7,4,0
GITEGA,-1.96,30.06,1522,2021,7,5,0
GITEGA,-1.96,30.06,1522,2021,7,6,0
GITEGA,-1.96,30.06,1522,2021,7,7,0
GITEGA,-1.96,30.06,1522,2021,7,8,0.5
GITEGA,-1.96,30.06,1522,2021,7,9,0
GITEGA,-1.96,30.06,1522,2021,7,10,0
GITEGA,-1.96,30.06,1522,2021,7,11,0
GITEGA,-1.96,30.06,1522,2021,7,12,0
GITEGA,-1.96,30.06,1522,2021,7,13,0
GITEGA,-1.96,30.06,1522,2021,7,14,9.8
GITEGA,-1.96,30.06,1522,2021,7,15,0.3
GITEGA,-1.96,30.06,1522,2021,7,16,0
GITEGA,-1.96,30.06,1522,2021,7,17,0
GITEGA,-1.96,30.06,1522,2021,7,18,0
GITEGA,-1.96,30.06,1522,2021,7,19,0
GITEGA,-1.96,30.06,1522,2021,7,20,0
GITEGA,-1.96,30.06,1522,2021,7,21,0
GITEGA,-1.96,30.06,1522,2021,7,22,0
GITEGA,-1.96,30.06,1522,2021,7,23,0
GITEGA,-1.96,30.06,1522,2021,7,24,0
GITEGA,-1.96,30.06,1522,2021,7,25,0
GITEGA,-1.96,30.06,1522,2021,7,26,0
GITEGA,-1.96,30.06,1522,2021,7,27,0
GITEGA,-1.96,30.06,1522,2021,7,28,0
GITEGA,-1.96,30.06,1522,2021,7,29,0
GITEGA,-1.96,30.06,1522,2021,7,30,0
GITEGA,-1.96,30.06,1522,2021,7,31,0
GITEGA,-1.96,30.06,1522,2021,8,1,0
GITEGA,-1.96,30.06,1522,2021,8,2,0
GITEGA,-1.96,30.06,1522,2021,8,3,0
GITEGA,-1.96,30.06,1522,2021,8,4,0
GITEGA,-1.96,30.06,1522,2021,8,5,0
GITEGA,-1.96,30.06,1522,2021,8,6,0
GITEGA,-1.96,30.06,1522,2021,8,7,0
GITEGA,-1.96,30.06,1522,2021,8,8,0
GITEGA,-1.96,30.06,1522,2021,8,9,0.7
GITEGA,-1.96,30.06,1522,2021,8,10,4.4
GITEGA,-1.96,30.06,1522,2021,8,11,0
GITEGA,-1.96,30.06,1522,2021,8,12,16.5
GITEGA,-1.96,30.06,1522,2021,8,13,1.1
GITEGA,-1.96,30.06,1522,2021,8,14,12.6
GITEGA,-1.96,30.06,1522,2021,8,15,0
GITEGA,-1.96,30.06,1522,2021,8,16,0
GITEGA,-1.96,30.06,1522,2021,8,17,0
GITEGA,-1.96,30.06,1522,2021,8,18,0
GITEGA,-1.96,30.06,1522,2021,8,19,0
GITEGA,-1.96,30.06,1522,2021,8,20,0.4
GITEGA,-1.96,30.06,1522,2021,8,21,0.3
GITEGA,-1.96,30.06,1522,2021,8,22,0
GITEGA,-1.96,30.06,1522,2021,8,23,0
GITEGA,-1.96,30.06,1522,2021,8,24,0
GITEGA,-1.96,30.06,1522,2021,8,25,0
GITEGA,-1.96,30.06,1522,2021,8,26,0
GITEGA,-1.96,30.06,1522,2021,8,27,0
GITEGA,-1.96,30.06,1522,2021,8,28,0
GITEGA,-1.96,30.06,1522,2021,8,29,2.4
GITEGA,-1.96,30.06,1522,2021,8,30,25.1
GITEGA,-1.96,30.06,1522,2021,8,31,0.1
GITEGA,-1.96,30.06,1522,2021,9,1,0.1
GITEGA,-1.96,30.06,1522,2021,9,2,6.2
GITEGA,-1.96,30.06,1522,2021,9,3,0.8
GITEGA,-1.96,30.06,1522,2021,9,4,0
GITEGA,-1.96,30.06,1522,2021,9,5,0
GITEGA,-1.96,30.06,1522,2021,9,6,0
GITEGA,-1.96,30.06,1522,2021,9,7,0
GITEGA,-1.96,30.06,1522,2021,9,8,0.2
GITEGA,-1.96,30.06,1522,2021,9,9,0
GITEGA,-1.96,30.06,1522,2021,9,10,0
GITEGA,-1.96,30.06,1522,2021,9,11,0.2
GITEGA,-1.96,30.06,1522,2021,9,12,0
GITEGA,-1.96,30.06,1522,2021,9,13,0
GITEGA,-1.96,30.06,1522,2021,9,14,0
GITEGA,-1.96,30.06,1522,2021,9,15,1.6
GITEGA,-1.96,30.06,1522,2021,9,16,2.5
GITEGA,-1.96,30.06,1522,2021,9,17,0
GITEGA,-1.96,30.06,1522,2021,9,18,14.3
GITEGA,-1.96,30.06,1522,2021,9,19,2.6
GITEGA,-1.96,30.06,1522,2021,9,20,0
GITEGA,-1.96,30.06,1522,2021,9,21,0
GITEGA,-1.96,30.06,1522,2021,9,22,2.4
GITEGA,-1.96,30.06,1522,2021,9,23,0.2
GITEGA,-1.96,30.06,1522,2021,9,24,4.5
GITEGA,-1.96,30.06,1522,2021,9,25,0
GITEGA,-1.96,30.06,1522,2021,9,26,3.4
GITEGA,-1.96,30.06,1522,2021,9,27,18.7
GITEGA,-1.96,30.06,1522,2021,9,28,33.1
GITEGA,-1.96,30.06,1522,2021,9,29,0
GITEGA,-1.96,30.06,1522,2021,9,30,0.3
GITEGA,-1.96,30.06,1522,2021,10,1,6.3
GITEGA,-1.96,30.06,1522,2021,10,2,0.2
GITEGA,-1.96,30.06,1522,2021,10,3,2
GITEGA,-1.96,30.06,1522,2021,10,4,0
GITEGA,-1.96,30.06,1522,2021,10,5,1.8
GITEGA,-1.96,30.06,1522,2021,10,6,0
GITEGA,-1.96,30.06,1522,2021,10,7,0
GITEGA,-1.96,30.06,1522,2021,10,8,0
GITEGA,-1.96,30.06,1522,2021,10,9,0
GITEGA,-1.96,30.06,1522,2021,10,10,0.2
GITEGA,-1.96,30.06,1522,2021,10,11,0.8
GITEGA,-1.96,30.06,1522,2021,10,12,0
GITEGA,-1.96,30.06,1522,2021,10,13,0
GITEGA,-1.96,30.06,1522,2021,10,14,0
GITEGA,-1.96,30.06,1522,2021,10,15,0.2
GITEGA,-1.96,30.06,1522,2021,10,16,0
GITEGA,-1.96,30.06,1522,2021,10,17,0
GITEGA,-1.96,30.06,1522,2021,10,18,4.5
GITEGA,-1.96,30.06,1522,2021,10,19,0.2
GITEGA,-1.96,30.06,1522,2021,10,20,15.5
GITEGA,-1.96,30.06,1522,2021,10,21,0.2
GITEGA,-1.96,30.06,1522,2021,10,22,0
GITEGA,-1.96,30.06,1522,2021,10,23,5.6
GITEGA,-1.96,30.06,1522,2021,10,24,0.6
GITEGA,-1.96,30.06,1522,2021,10,25,2.5
GITEGA,-1.96,30.06,1522,2021,10,26,15.5
GITEGA,-1.96,30.06,1522,2021,10,27,0.3
GITEGA,-1.96,30.06,1522,2021,10,28,0
GITEGA,-1.96,30.06,1522,2021,10,29,0
GITEGA,-1.96,30.06,1522,2021,10,30,0
GITEGA,-1.96,30.06,1522,2021,10,31,0
GITEGA,-1.96,30.06,1522,2021,11,1,17.9
GITEGA,-1.96,30.06,1522,2021,11,2,0
GITEGA,-1.96,30.06,1522,2021,11,3,0
GITEGA,-1.96,30.06,1522,2021,11,4,16.4
GITEGA,-1.96,30.06,1522,2021,11,5,0.6
GITEGA,-1.96,30.06,1522,2021,11,6,9.1
GITEGA,-1.96,30.06,1522,2021,11,7,0
GITEGA,-1.96,30.06,1522,2021,11,8,0
GITEGA,-1.96,30.06,1522,2021,11,9,0
GITEGA,-1.96,30.06,1522,2021,11,10,0
GITEGA,-1.96,30.06,1522,2021,11,11,0
GITEGA,-1.96,30.06,1522,2021,11,12,36.2
GITEGA,-1.96,30.06,1522,2021,11,13,0.2
GITEGA,-1.96,30.06,1522,2021,11,14,0.3
GITEGA,-1.96,30.06,1522,2021,11,15,0.1
GITEGA,-1.96,30.06,1522,2021,11,16,0.3
GITEGA,-1.96,30.06,1522,2021,11,17,3.1
GITEGA,-1.96,30.06,1522,2021,11,18,0.2
GITEGA,-1.96,30.06,1522,2021,11,19,0.3
GITEGA,-1.96,30.06,1522,2021,11,20,0.4
GITEGA,-1.96,30.06,1522,2021,11,21,0.1
GITEGA,-1.96,30.06,1522,2021,11,22,0
GITEGA,-1.96,30.06,1522,2021,11,23,0
GITEGA,-1.96,30.06,1522,2021,11,24,0
GITEGA,-1.96,30.06,1522,2021,11,25,9.8
GITEGA,-1.96,30.06,1522,2021,11,26,0.1
GITEGA,-1.96,30.06,1522,2021,11,27,1.5
GITEGA,-1.96,30.06,1522,2021,11,28,0.2
GITEGA,-1.96,30.06,1522,2021,11,29,6.8
GITEGA,-1.96,30.06,1522,2021,11,30,0.7
GITEGA,-1.96,30.06,1522,2021,12,1,0.7
GITEGA,-1.96,30.06,1522,2021,12,2,1.6
GITEGA,-1.96,30.06,1522,2021,12,3,2.7
GITEGA,-1.96,30.06,1522,2021,12,4,0.4
GITEGA,-1.96,30.06,1522,2021,12,5,2
GITEGA,-1.96,30.06,1522,2021,12,6,5.7
GITEGA,-1.96,30.06,1522,2021,12,7,0
GITEGA,-1.96,30.06,1522,2021,12,8,0.9
GITEGA,-1.96,30.06,1522,2021,12,9,0.2
GITEGA,-1.96,30.06,1522,2021,12,10,0
GITEGA,-1.96,30.06,1522,2021,12,11,1.7
GITEGA,-1.96,30.06,1522,2021,12,12,6.3
GITEGA,-1.96,30.06,1522,2021,12,13,6
GITEGA,-1.96,30.06,1522,2021,12,14,13.4
GITEGA,-1.96,30.06,1522,2021,12,15,0
GITEGA,-1.96,30.06,1522,2021,12,16,0
GITEGA,-1.96,30.06,1522,2021,12,17,0
GITEGA,-1.96,30.06,1522,2021,12,18,17.8
GITEGA,-1.96,30.06,1522,2021,12,19,0.8
GITEGA,-1.96,30.06,1522,2021,12,20,0
GITEGA,-1.96,30.06,1522,2021,12,21,0.6
GITEGA,-1.96,30.06,1522,2021,12,22,0.8
GITEGA,-1.96,30.06,1522,2021,12,23,4.1
GITEGA,-1.96,30.06,1522,2021,12,24,4.9
GITEGA,-1.96,30.06,1522,2021,12,25,0
GITEGA,-1.96,30.06,1522,2021,12,26,4.6
GITEGA,-1.96,30.06,1522,2021,12,27,0.3
GITEGA,-1.96,30.06,1522,2021,12,28,1.1
GITEGA,-1.96,30.06,1522,2021,12,29,0
GITEGA,-1.96,30.06,1522,2021,12,30,16.8
GITEGA,-1.96,30.06,1522,2021,12,31,0.2
GITEGA,-1.96,30.06,1522,2022,1,1,0.2
GITEGA,-1.96,30.06,1522,2022,1,2,1.9
GITEGA,-1.96,30.06,1522,2022,1,3,2.4
GITEGA,-1.96,30.06,1522,2022,1,4,0
GITEGA,-1.96,30.06,1522,2022,1,5,0
GITEGA,-1.96,30.06,1522,2022,1,6,0
GITEGA,-1.96,30.06,1522,2022,1,7,0
GITEGA,-1.96,30.06,1522,2022,1,8,0
GITEGA,-1.96,30.06,1522,2022,1,9,0
GITEGA,-1.96,30.06,1522,2022,1,10,0
GITEGA,-1.96,30.06,1522,2022,1,11,0
GITEGA,-1.96,30.06,1522,2022,1,12,0
GITEGA,-1.96,30.06,1522,2022,1,13,10.6
GITEGA,-1.96,30.06,1522,2022,1,14,1.2
GITEGA,-1.96,30.06,1522,2022,1,15,0
GITEGA,-1.96,30.06,1522,2022,1,16,0
GITEGA,-1.96,30.06,1522,2022,1,17,0
GITEGA,-1.96,30.06,1522,2022,1,18,7.1
GITEGA,-1.96,30.06,1522,2022,1,19,5.6
GITEGA,-1.96,30.06,1522,2022,1,20,0.2
GITEGA,-1.96,30.06,1522,2022,1,21,3
GITEGA,-1.96,30.06,1522,2022,1,22,5.8
GITEGA,-1.96,30.06,1522,2022,1,23,0.7
GITEGA,-1.96,30.06,1522,2022,1,24,9.3
GITEGA,-1.96,30.06,1522,2022,1,25,0.3
GITEGA,-1.96,30.06,1522,2022,1,26,0
GITEGA,-1.96,30.06,1522,2022,1,27,0
GITEGA,-1.96,30.06,1522,2022,1,28,0
GITEGA,-1.96,30.06,1522,2022,1,29,0
GITEGA,-1.96,30.06,1522,2022,1,30,5.3
GITEGA,-1.96,30.06,1522,2022,1,31,25.4
GITEGA,-1.96,30.06,1522,2022,2,1,2.5
GITEGA,-1.96,30.06,1522,2022,2,2,11.2
GITEGA,-1.96,30.06,1522,2022,2,3,2.3
GITEGA,-1.96,30.06,1522,2022,2,4,3.5
GITEGA,-1.96,30.06,1522,2022,2,5,5.8
GITEGA,-1.96,30.06,1522,2022,2,6,35.6
GITEGA,-1.96,30.06,1522,2022,2,7,0
GITEGA,-1.96,30.06,1522,2022,2,8,0
GITEGA,-1.96,30.06,1522,2022,2,9,0
GITEGA,-1.96,30.06,1522,2022,2,10,0
GITEGA,-1.96,30.06,1522,2022,2,11,0
GITEGA,-1.96,30.06,1522,2022,2,12,0
GITEGA,-1.96,30.06,1522,2022,2,13,24.5
GITEGA,-1.96,30.06,1522,2022,2,14,0
GITEGA,-1.96,30.06,1522,2022,2,15,8.2
GITEGA,-1.96,30.06,1522,2022,2,16,5
GITEGA,-1.96,30.06,1522,2022,2,17,29.1
GITEGA,-1.96,30.06,1522,2022,2,18,0.1
GITEGA,-1.96,30.06,1522,2022,2,19,0.5
GITEGA,-1.96,30.06,1522,2022,2,20,37.7
GITEGA,-1.96,30.06,1522,2022,2,21,0
GITEGA,-1.96,30.06,1522,2022,2,22,0.3
GITEGA,-1.96,30.06,1522,2022,2,23,0.5
GITEGA,-1.96,30.06,1522,2022,2,24,30.2
GITEGA,-1.96,30.06,1522,2022,2,25,8.9
GITEGA,-1.96,30.06,1522,2022,2,26,0
GITEGA,-1.96,30.06,1522,2022,2,27,0
GITEGA,-1.96,30.06,1522,2022,2,28,0.1
GITEGA,-1.96,30.06,1522,2022,3,1,0.1
GITEGA,-1.96,30.06,1522,2022,3,2,0
GITEGA,-1.96,30.06,1522,2022,3,3,23.9
GITEGA,-1.96,30.06,1522,2022,3,4,0
GITEGA,-1.96,30.06,1522,2022,3,5,0
GITEGA,-1.96,30.06,1522,2022,3,6,0
GITEGA,-1.96,30.06,1522,2022,3,7,0
GITEGA,-1.96,30.06,1522,2022,3,8,0
GITEGA,-1.96,30.06,1522,2022,3,9,0
GITEGA,-1.96,30.06,1522,2022,3,10,7.3
GITEGA,-1.96,30.06,1522,2022,3,11,0
GITEGA,-1.96,30.06,1522,2022,3,12,1.2
GITEGA,-1.96,30.06,1522,2022,3,13,1
GITEGA,-1.96,30.06,1522,2022,3,14,4.6
GITEGA,-1.96,30.06,1522,2022,3,15,4.3
GITEGA,-1.96,30.06,1522,2022,3,16,0
GITEGA,-1.96,30.06,1522,2022,3,17,15.5
GITEGA,-1.96,30.06,1522,2022,3,18,15.9
GITEGA,-1.96,30.06,1522,2022,3,19,0
GITEGA,-1.96,30.06,1522,2022,3,20,0
GITEGA,-1.96,30.06,1522,2022,3,21,12.2
GITEGA,-1.96,30.06,1522,2022,3,22,5.4
GITEGA,-1.96,30.06,1522,2022,3,23,10.2
GITEGA,-1.96,30.06,1522,2022,3,24,0.4
GITEGA,-1.96,30.06,1522,2022,3,25,0
GITEGA,-1.96,30.06,1522,2022,3,26,0
GITEGA,-1.96,30.06,1522,2022,3,27,0
GITEGA,-1.96,30.06,1522,2022,3,28,5.1
GITEGA,-1.96,30.06,1522,2022,3,29,0
GITEGA,-1.96,30.06,1522,2022,3,30,7.9
GITEGA,-1.96,30.06,1522,2022,3,31,22
GITEGA,-1.96,30.06,1522,2022,4,1,2
GITEGA,-1.96,30.06,1522,2022,4,2,2.8
GITEGA,-1.96,30.06,1522,2022,4,3,0
GITEGA,-1.96,30.06,1522,2022,4,4,1.4
GITEGA,-1.96,30.06,1522,2022,4,5,0.2
GITEGA,-1.96,30.06,1522,2022,4,6,0.2
GITEGA,-1.96,30.06,1522,2022,4,7,6.8
GITEGA,-1.96,30.06,1522,2022,4,8,2.1
GITEGA,-1.96,30.06,1522,2022,4,9,0
GITEGA,-1.96,30.06,1522,2022,4,10,0
GITEGA,-1.96,30.06,1522,2022,4,11,0.2
GITEGA,-1.96,30.06,1522,2022,4,12,0
GITEGA,-1.96,30.06,1522,2022,4,13,4.4
GITEGA,-1.96,30.06,1522,2022,4,14,2.1
GITEGA,-1.96,30.06,1522,2022,4,15,1.4
GITEGA,-1.96,30.06,1522,2022,4,16,0
GITEGA,-1.96,30.06,1522,2022,4,17,0.1
GITEGA,-1.96,30.06,1522,2022,4,18,0.9
GITEGA,-1.96,30.06,1522,2022,4,19,1.5
GITEGA,-1.96,30.06,1522,2022,4,20,6.6
GITEGA,-1.96,30.06,1522,2022,4,21,0
GITEGA,-1.96,30.06,1522,2022,4,22,0
GITEGA,-1.96,30.06,1522,2022,4,23,60.7
GITEGA,-1.96,30.06,1522,2022,4,24,0.6
GITEGA,-1.96,30.06,1522,2022,4,25,1.5
GITEGA,-1.96,30.06,1522,2022,4,26,9
GITEGA,-1.96,30.06,1522,2022,4,27,0
GITEGA,-1.96,30.06,1522,2022,4,28,2.5
GITEGA,-1.96,30.06,1522,2022,4,29,14.7
GITEGA,-1.96,30.06,1522,2022,4,30,0
GITEGA,-1.96,30.06,1522,2022,5,1,5.4
GITEGA,-1.96,30.06,1522,2022,5,2,0
GITEGA,-1.96,30.06,1522,2022,5,3,0
GITEGA,-1.96,30.06,1522,2022,5,4,0.1
GITEGA,-1.96,30.06,1522,2022,5,5,8.1
GITEGA,-1.96,30.06,1522,2022,5,6,2.9
GITEGA,-1.96,30.06,1522,2022,5,7,0
GITEGA,-1.96,30.06,1522,2022,5,8,2.6
GITEGA,-1.96,30.06,1522,2022,5,9,0
GITEGA,-1.96,30.06,1522,2022,5,10,0
GITEGA,-1.96,30.06,1522,2022,5,11,0
GITEGA,-1.96,30.06,1522,2022,5,12,0
GITEGA,-1.96,30.06,1522,2022,5,13,0
GITEGA,-1.96,30.06,1522,2022,5,14,0.7
GITEGA,-1.96,30.06,1522,2022,5,15,0
GITEGA,-1.96,30.06,1522,2022,5,16,0.7
GITEGA,-1.96,30.06,1522,2022,5,17,1.3
GITEGA,-1.96,30.06,1522,2022,5,18,0
GITEGA,-1.96,30.06,1522,2022,5,19,0
GITEGA,-1.96,30.06,1522,2022,5,20,0
GITEGA,-1.96,30.06,1522,2022,5,21,0
GITEGA,-1.96,30.06,1522,2022,5,22,0
GITEGA,-1.96,30.06,1522,2022,5,23,0.1
GITEGA,-1.96,30.06,1522,2022,5,24,0
GITEGA,-1.96,30.06,1522,2022,5,25,0
GITEGA,-1.96,30.06,1522,2022,5,26,4.8
GITEGA,-1.96,30.06,1522,2022,5,27,0
GITEGA,-1.96,30.06,1522,2022,5,28,0
GITEGA,-1.96,30.06,1522,2022,5,29,0
GITEGA,-1.96,30.06,1522,2022,5,30,11.2
GITEGA,-1.96,30.06,1522,2022,5,31,0
GITEGA,-1.96,30.06,1522,2022,6,1,0
GITEGA,-1.96,30.06,1522,2022,6,2,0
GITEGA,-1.96,30.06,1522,2022,6,3,0.48
GITEGA,-1.96,30.06,1522,2022,6,4,0
GITEGA,-1.96,30.06,1522,2022,6,5,0
GITEGA,-1.96,30.06,1522,2022,6,6,0
GITEGA,-1.96,30.06,1522,2022,6,7,0
GITEGA,-1.96,30.06,1522,2022,6,8,0
GITEGA,-1.96,30.06,1522,2022,6,9,0
GITEGA,-1.96,30.06,1522,2022,6,10,0
GITEGA,-1.96,30.06,1522,2022,6,11,0
GITEGA,-1.96,30.06,1522,2022,6,12,0
GITEGA,-1.96,30.06,1522,2022,6,13,0
GITEGA,-1.96,30.06,1522,2022,6,14,0
GITEGA,-1.96,30.06,1522,2022,6,15,0
GITEGA,-1.96,30.06,1522,2022,6,16,0
GITEGA,-1.96,30.06,1522,2022,6,17,0
GITEGA,-1.96,30.06,1522,2022,6,18,0
GITEGA,-1.96,30.06,1522,2022,6,19,0
GITEGA,-1.96,30.06,1522,2022,6,20,0
GITEGA,-1.96,30.06,1522,2022,6,21,0
GITEGA,-1.96,30.06,1522,2022,6,22,0
GITEGA,-1.96,30.06,1522,2022,6,23,0
GITEGA,-1.96,30.06,1522,2022,6,24,0
GITEGA,-1.96,30.06,1522,2022,6,25,0
GITEGA,-1.96,30.06,1522,2022,6,26,0
GITEGA,-1.96,30.06,1522,2022,6,27,0
GITEGA,-1.96,30.06,1522,2022,6,28,0
GITEGA,-1.96,30.06,1522,2022,6,29,0
GITEGA,-1.96,30.06,1522,2022,6,30,0
GITEGA,-1.96,30.06,1522,2022,7,1,0
GITEGA,-1.96,30.06,1522,2022,7,2,0
GITEGA,-1.96,30.06,1522,2022,7,3,0
GITEGA,-1.96,30.06,1522,2022,7,4,0
GITEGA,-1.96,30.06,1522,2022,7,5,0
GITEGA,-1.96,30.06,1522,2022,7,6,0
GITEGA,-1.96,30.06,1522,2022,7,7,0
GITEGA,-1.96,30.06,1522,2022,7,8,0
GITEGA,-1.96,30.06,1522,2022,7,9,0
GITEGA,-1.96,30.06,1522,2022,7,10,0
GITEGA,-1.96,30.06,1522,2022,7,11,0
GITEGA,-1.96,30.06,1522,2022,7,12,0
GITEGA,-1.96,30.06,1522,2022,7,13,0
GITEGA,-1.96,30.06,1522,2022,7,14,0
GITEGA,-1.96,30.06,1522,2022,7,15,0
GITEGA,-1.96,30.06,1522,2022,7,16,0
GITEGA,-1.96,30.06,1522,2022,7,17,0
GITEGA,-1.96,30.06,1522,2022,7,18,0
GITEGA,-1.96,30.06,1522,2022,7,19,0
GITEGA,-1.96,30.06,1522,2022,7,20,0
GITEGA,-1.96,30.06,1522,2022,7,21,0
GITEGA,-1.96,30.06,1522,2022,7,22,0
GITEGA,-1.96,30.06,1522,2022,7,23,0
GITEGA,-1.96,30.06,1522,2022,7,24,0
GITEGA,-1.96,30.06,1522,2022,7,25,0
GITEGA,-1.96,30.06,1522,2022,7,26,0
GITEGA,-1.96,30.06,1522,2022,7,27,0
GITEGA,-1.96,30.06,1522,2022,7,28,0
GITEGA,-1.96,30.06,1522,2022,7,29,1.1
GITEGA,-1.96,30.06,1522,2022,7,30,0
GITEGA,-1.96,30.06,1522,2022,7,31,3.1
GITEGA,-1.96,30.06,1522,2022,8,1,33.3
GITEGA,-1.96,30.06,1522,2022,8,2,0
GITEGA,-1.96,30.06,1522,2022,8,3,0
GITEGA,-1.96,30.06,1522,2022,8,4,0
GITEGA,-1.96,30.06,1522,2022,8,5,0
GITEGA,-1.96,30.06,1522,2022,8,6,0
GITEGA,-1.96,30.06,1522,2022,8,7,0
GITEGA,-1.96,30.06,1522,2022,8,8,0
GITEGA,-1.96,30.06,1522,2022,8,9,0
GITEGA,-1.96,30.06,1522,2022,8,10,0
GITEGA,-1.96,30.06,1522,2022,8,11,0
GITEGA,-1.96,30.06,1522,2022,8,12,0
GITEGA,-1.96,30.06,1522,2022,8,13,0
GITEGA,-1.96,30.06,1522,2022,8,14,11.3
GITEGA,-1.96,30.06,1522,2022,8,15,4.1
GITEGA,-1.96,30.06,1522,2022,8,16,0
GITEGA,-1.96,30.06,1522,2022,8,17,5
GITEGA,-1.96,30.06,1522,2022,8,18,0
GITEGA,-1.96,30.06,1522,2022,8,19,0
GITEGA,-1.96,30.06,1522,2022,8,20,0
GITEGA,-1.96,30.06,1522,2022,8,21,3.9
GITEGA,-1.96,30.06,1522,2022,8,22,0
GITEGA,-1.96,30.06,1522,2022,8,23,0
GITEGA,-1.96,30.06,1522,2022,8,24,0
GITEGA,-1.96,30.06,1522,2022,8,25,0
GITEGA,-1.96,30.06,1522,2022,8,26,0
GITEGA,-1.96,30.06,1522,2022,8,27,0
GITEGA,-1.96,30.06,1522,2022,8,28,2.5
GITEGA,-1.96,30.06,1522,2022,8,29,0.1
GITEGA,-1.96,30.06,1522,2022,8,30,1.1
GITEGA,-1.96,30.06,1522,2022,8,31,0
GITEGA,-1.96,30.06,1522,2022,9,1,3.08
GITEGA,-1.96,30.06,1522,2022,9,2,0
GITEGA,-1.96,30.06,1522,2022,9,3,0
GITEGA,-1.96,30.06,1522,2022,9,4,0
GITEGA,-1.96,30.06,1522,2022,9,5,0
GITEGA,-1.96,30.06,1522,2022,9,6,0
GITEGA,-1.96,30.06,1522,2022,9,7,1.33
GITEGA,-1.96,30.06,1522,2022,9,8,0.29
GITEGA,-1.96,30.06,1522,2022,9,9,0
GITEGA,-1.96,30.06,1522,2022,9,10,0
GITEGA,-1.96,30.06,1522,2022,9,11,0
GITEGA,-1.96,30.06,1522,2022,9,12,1.18
GITEGA,-1.96,30.06,1522,2022,9,13,0.12
GITEGA,-1.96,30.06,1522,2022,9,14,0.08
GITEGA,-1.96,30.06,1522,2022,9,15,0.71
GITEGA,-1.96,30.06,1522,2022,9,16,0
GITEGA,-1.96,30.06,1522,2022,9,17,0
GITEGA,-1.96,30.06,1522,2022,9,18,0
GITEGA,-1.96,30.06,1522,2022,9,19,0.26
GITEGA,-1.96,30.06,1522,2022,9,20,0
GITEGA,-1.96,30.06,1522,2022,9,21,0.19
GITEGA,-1.96,30.06,1522,2022,9,22,0
GITEGA,-1.96,30.06,1522,2022,9,23,2.57
GITEGA,-1.96,30.06,1522,2022,9,24,0
GITEGA,-1.96,30.06,1522,2022,9,25,0
GITEGA,-1.96,30.06,1522,2022,9,26,0.74
GITEGA,-1.96,30.06,1522,2022,9,27,0
GITEGA,-1.96,30.06,1522,2022,9,28,0
GITEGA,-1.96,30.06,1522,2022,9,29,0.12
GITEGA,-1.96,30.06,1522,2022,9,30,0
GITEGA,-1.96,30.06,1522,2022,10,1,0
GITEGA,-1.96,30.06,1522,2022,10,2,0.6
GITEGA,-1.96,30.06,1522,2022,10,3,0
GITEGA,-1.96,30.06,1522,2022,10,4,0
GITEGA,-1.96,30.06,1522,2022,10,5,0.1
GITEGA,-1.96,30.06,1522,2022,10,6,0
GITEGA,-1.96,30.06,1522,2022,10,7,8.9
GITEGA,-1.96,30.06,1522,2022,10,8,0
GITEGA,-1.96,30.06,1522,2022,10,9,0.4
GITEGA,-1.96,30.06,1522,2022,10,10,1.3
GITEGA,-1.96,30.06,1522,2022,10,11,0
GITEGA,-1.96,30.06,1522,2022,10,12,2.1
GITEGA,-1.96,30.06,1522,2022,10,13,0
GITEGA,-1.96,30.06,1522,2022,10,14,0
GITEGA,-1.96,30.06,1522,2022,10,15,0
GITEGA,-1.96,30.06,1522,2022,10,16,0.8
GITEGA,-1.96,30.06,1522,2022,10,17,0
GITEGA,-1.96,30.06,1522,2022,10,18,6.3
GITEGA,-1.96,30.06,1522,2022,10,19,0.2
GITEGA,-1.96,30.06,1522,2022,10,20,8.1
GITEGA,-1.96,30.06,1522,2022,10,21,5.9
GITEGA,-1.96,30.06,1522,2022,10,22,0
GITEGA,-1.96,30.06,1522,2022,10,23,0
GITEGA,-1.96,30.06,1522,2022,10,24,0
GITEGA,-1.96,30.06,1522,2022,10,25,0
GITEGA,-1.96,30.06,1522,2022,10,26,0
GITEGA,-1.96,30.06,1522,2022,10,27,27.1
GITEGA,-1.96,30.06,1522,2022,10,28,
GITEGA,-1.96,30.06,1522,2022,10,29,
GITEGA,-1.96,30.06,1522,2022,10,30,
GITEGA,-1.96,30.06,1522,2022,10,31,
GITEGA,-1.96,30.06,1522,2022,12,1,0.7
GITEGA,-1.96,30.06,1522,2022,12,2,0
GITEGA,-1.96,30.06,1522,2022,12,3,0
GITEGA,-1.96,30.06,1522,2022,12,4,0
GITEGA,-1.96,30.06,1522,2022,12,5,10.6
GITEGA,-1.96,30.06,1522,2022,12,6,10.9
GITEGA,-1.96,30.06,1522,2022,12,7,2
GITEGA,-1.96,30.06,1522,2022,12,8,3.2
GITEGA,-1.96,30.06,1522,2022,12,9,1.6
GITEGA,-1.96,30.06,1522,2022,12,10,0
GITEGA,-1.96,30.06,1522,2022,12,11,6
GITEGA,-1.96,30.06,1522,2022,12,12,0.5
GITEGA,-1.96,30.06,1522,2022,12,13,3.1
GITEGA,-1.96,30.06,1522,2022,12,14,0.6
GITEGA,-1.96,30.06,1522,2022,12,15,0.3
GITEGA,-1.96,30.06,1522,2022,12,16,1
GITEGA,-1.96,30.06,1522,2022,12,17,17.6
GITEGA,-1.96,30.06,1522,2022,12,18,0
GITEGA,-1.96,30.06,1522,2022,12,19,21.8
GITEGA,-1.96,30.06,1522,2022,12,20,0
GITEGA,-1.96,30.06,1522,2022,12,21,1.6
GITEGA,-1.96,30.06,1522,2022,12,22,0
GITEGA,-1.96,30.06,1522,2022,12,23,1
GITEGA,-1.96,30.06,1522,2022,12,24,0
GITEGA,-1.96,30.06,1522,2022,12,25,0
GITEGA,-1.96,30.06,1522,2022,12,26,0
GITEGA,-1.96,30.06,1522,2022,12,27,28
GITEGA,-1.96,30.06,1522,2022,12,28,21.4
GITEGA,-1.96,30.06,1522,2022,12,29,5.5
GITEGA,-1.96,30.06,1522,2022,12,30,13.5
GITEGA,-1.96,30.06,1522,2022,12,31,0
GITEGA,-1.96,30.06,1522,2023,1,1,0
GITEGA,-1.96,30.06,1522,2023,1,2,0
GITEGA,-1.96,30.06,1522,2023,1,3,0
GITEGA,-1.96,30.06,1522,2023,1,4,0
GITEGA,-1.96,30.06,1522,2023,1,5,0
GITEGA,-1.96,30.06,1522,2023,1,6,0
GITEGA,-1.96,30.06,1522,2023,1,7,0
GITEGA,-1.96,30.06,1522,2023,1,8,0
GITEGA,-1.96,30.06,1522,2023,1,9,0
GITEGA,-1.96,30.06,1522,2023,1,10,0
GITEGA,-1.96,30.06,1522,2023,1,11,2
GITEGA,-1.96,30.06,1522,2023,1,12,0
GITEGA,-1.96,30.06,1522,2023,1,13,0
GITEGA,-1.96,30.06,1522,2023,1,14,5.8
GITEGA,-1.96,30.06,1522,2023,1,15,6.5
GITEGA,-1.96,30.06,1522,2023,1,16,3.5
GITEGA,-1.96,30.06,1522,2023,1,17,0
GITEGA,-1.96,30.06,1522,2023,1,18,0
GITEGA,-1.96,30.06,1522,2023,1,19,0.5
GITEGA,-1.96,30.06,1522,2023,1,20,0
GITEGA,-1.96,30.06,1522,2023,1,21,0
GITEGA,-1.96,30.06,1522,2023,1,22,0
GITEGA,-1.96,30.06,1522,2023,1,23,0
GITEGA,-1.96,30.06,1522,2023,1,24,0
GITEGA,-1.96,30.06,1522,2023,1,25,5.4
GITEGA,-1.96,30.06,1522,2023,1,26,3.3
GITEGA,-1.96,30.06,1522,2023,1,27,0
GITEGA,-1.96,30.06,1522,2023,1,28,0
GITEGA,-1.96,30.06,1522,2023,1,29,0
GITEGA,-1.96,30.06,1522,2023,1,30,0.4
GITEGA,-1.96,30.06,1522,2023,1,31,1.3
GITEGA,-1.96,30.06,1522,2023,2,1,0
GITEGA,-1.96,30.06,1522,2023,2,2,0.3
GITEGA,-1.96,30.06,1522,2023,2,3,0
GITEGA,-1.96,30.06,1522,2023,2,4,2.3
GITEGA,-1.96,30.06,1522,2023,2,5,0
GITEGA,-1.96,30.06,1522,2023,2,6,0
GITEGA,-1.96,30.06,1522,2023,2,7,12
GITEGA,-1.96,30.06,1522,2023,2,8,4.6
GITEGA,-1.96,30.06,1522,2023,2,9,0.1
GITEGA,-1.96,30.06,1522,2023,2,10,0
GITEGA,-1.96,30.06,1522,2023,2,11,0
GITEGA,-1.96,30.06,1522,2023,2,12,0
GITEGA,-1.96,30.06,1522,2023,2,13,0
GITEGA,-1.96,30.06,1522,2023,2,14,0
GITEGA,-1.96,30.06,1522,2023,2,15,0
GITEGA,-1.96,30.06,1522,2023,2,16,0
GITEGA,-1.96,30.06,1522,2023,2,17,0
GITEGA,-1.96,30.06,1522,2023,2,18,0
GITEGA,-1.96,30.06,1522,2023,2,19,0
GITEGA,-1.96,30.06,1522,2023,2,20,0
GITEGA,-1.96,30.06,1522,2023,2,21,5.6
GITEGA,-1.96,30.06,1522,2023,2,22,0
GITEGA,-1.96,30.06,1522,2023,2,23,1
GITEGA,-1.96,30.06,1522,2023,2,24,0.8
GITEGA,-1.96,30.06,1522,2023,2,25,0
GITEGA,-1.96,30.06,1522,2023,2,26,0
GITEGA,-1.96,30.06,1522,2023,2,27,3.5
GITEGA,-1.96,30.06,1522,2023,2,28,2
GITEGA,-1.96,30.06,1522,2023,3,1,1.9
GITEGA,-1.96,30.06,1522,2023,3,2,1.5
GITEGA,-1.96,30.06,1522,2023,3,3,0
GITEGA,-1.96,30.06,1522,2023,3,4,0
GITEGA,-1.96,30.06,1522,2023,3,5,0
GITEGA,-1.96,30.06,1522,2023,3,6,0
GITEGA,-1.96,30.06,1522,2023,3,7,0
GITEGA,-1.96,30.06,1522,2023,3,8,0
GITEGA,-1.96,30.06,1522,2023,3,9,0
GITEGA,-1.96,30.06,1522,2023,3,10,0
GITEGA,-1.96,30.06,1522,2023,3,11,17.1
GITEGA,-1.96,30.06,1522,2023,3,12,0
GITEGA,-1.96,30.06,1522,2023,3,13,72
GITEGA,-1.96,30.06,1522,2023,3,14,25.9
GITEGA,-1.96,30.06,1522,2023,3,15,10.2
GITEGA,-1.96,30.06,1522,2023,3,16,0
GITEGA,-1.96,30.06,1522,2023,3,17,38.7
GITEGA,-1.96,30.06,1522,2023,3,18,0
GITEGA,-1.96,30.06,1522,2023,3,19,30
GITEGA,-1.96,30.06,1522,2023,3,20,6.3
GITEGA,-1.96,30.06,1522,2023,3,21,24.8
GITEGA,-1.96,30.06,1522,2023,3,22,0
GITEGA,-1.96,30.06,1522,2023,3,23,24.8
GITEGA,-1.96,30.06,1522,2023,3,24,0.8
GITEGA,-1.96,30.06,1522,2023,3,25,0
GITEGA,-1.96,30.06,1522,2023,3,26,0
GITEGA,-1.96,30.06,1522,2023,3,27,7.6
GITEGA,-1.96,30.06,1522,2023,3,28,0
GITEGA,-1.96,30.06,1522,2023,3,29,0
GITEGA,-1.96,30.06,1522,2023,3,30,0
GITEGA,-1.96,30.06,1522,2023,3,31,29
GITEGA,-1.96,30.06,1522,2023,4,1,0
GITEGA,-1.96,30.06,1522,2023,4,2,4.1
GITEGA,-1.96,30.06,1522,2023,4,3,0
GITEGA,-1.96,30.06,1522,2023,4,4,3.4
GITEGA,-1.96,30.06,1522,2023,4,5,9.4
GITEGA,-1.96,30.06,1522,2023,4,6,9.6
GITEGA,-1.96,30.06,1522,2023,4,7,0.3
GITEGA,-1.96,30.06,1522,2023,4,8,27.5
GITEGA,-1.96,30.06,1522,2023,4,9,0.2
GITEGA,-1.96,30.06,1522,2023,4,10,0
GITEGA,-1.96,30.06,1522,2023,4,11,0
GITEGA,-1.96,30.06,1522,2023,4,12,0.2
GITEGA,-1.96,30.06,1522,2023,4,13,0
GITEGA,-1.96,30.06,1522,2023,4,14,9.7
GITEGA,-1.96,30.06,1522,2023,4,15,26.4
GITEGA,-1.96,30.06,1522,2023,4,16,4.5
GITEGA,-1.96,30.06,1522,2023,4,17,18.7
GITEGA,-1.96,30.06,1522,2023,4,18,8.6
GITEGA,-1.96,30.06,1522,2023,4,19,0
GITEGA,-1.96,30.06,1522,2023,4,20,0.3
GITEGA,-1.96,30.06,1522,2023,4,21,0
GITEGA,-1.96,30.06,1522,2023,4,22,12.5
GITEGA,-1.96,30.06,1522,2023,4,23,0.3
GITEGA,-1.96,30.06,1522,2023,4,24,3.4
GITEGA,-1.96,30.06,1522,2023,4,25,0.5
GITEGA,-1.96,30.06,1522,2023,4,26,0
GITEGA,-1.96,30.06,1522,2023,4,27,19
GITEGA,-1.96,30.06,1522,2023,4,28,0
GITEGA,-1.96,30.06,1522,2023,4,29,7.1
GITEGA,-1.96,30.06,1522,2023,4,30,0
GITEGA,-1.96,30.06,1522,2023,5,1,7.3
GITEGA,-1.96,30.06,1522,2023,5,2,0.3
GITEGA,-1.96,30.06,1522,2023,5,3,0
GITEGA,-1.96,30.06,1522,2023,5,4,0
GITEGA,-1.96,30.06,1522,2023,5,5,0
GITEGA,-1.96,30.06,1522,2023,5,6,0.3
GITEGA,-1.96,30.06,1522,2023,5,7,0
GITEGA,-1.96,30.06,1522,2023,5,8,0
GITEGA,-1.96,30.06,1522,2023,5,9,47.3
GITEGA,-1.96,30.06,1522,2023,5,10,12.1
GITEGA,-1.96,30.06,1522,2023,5,11,0.6
GITEGA,-1.96,30.06,1522,2023,5,12,0
GITEGA,-1.96,30.06,1522,2023,5,13,0
GITEGA,-1.96,30.06,1522,2023,5,14,0
GITEGA,-1.96,30.06,1522,2023,5,15,0
GITEGA,-1.96,30.06,1522,2023,5,16,0
GITEGA,-1.96,30.06,1522,2023,5,17,0
GITEGA,-1.96,30.06,1522,2023,5,18,0
GITEGA,-1.96,30.06,1522,2023,5,19,0
GITEGA,-1.96,30.06,1522,2023,5,20,0
GITEGA,-1.96,30.06,1522,2023,5,21,0
GITEGA,-1.96,30.06,1522,2023,5,22,0
GITEGA,-1.96,30.06,1522,2023,5,23,0
GITEGA,-1.96,30.06,1522,2023,5,24,15.9
GITEGA,-1.96,30.06,1522,2023,5,25,0
GITEGA,-1.96,30.06,1522,2023,5,26,0
GITEGA,-1.96,30.06,1522,2023,5,27,0
GITEGA,-1.96,30.06,1522,2023,5,28,0
GITEGA,-1.96,30.06,1522,2023,5,29,1.4
GITEGA,-1.96,30.06,1522,2023,5,30,0
GITEGA,-1.96,30.06,1522,2023,5,31,0
GITEGA,-1.96,30.06,1522,2023,6,1,0
GITEGA,-1.96,30.06,1522,2023,6,2,0
GITEGA,-1.96,30.06,1522,2023,6,3,0
GITEGA,-1.96,30.06,1522,2023,6,4,0
GITEGA,-1.96,30.06,1522,2023,6,5,0
GITEGA,-1.96,30.06,1522,2023,6,6,0
GITEGA,-1.96,30.06,1522,2023,6,7,0
GITEGA,-1.96,30.06,1522,2023,6,8,0
GITEGA,-1.96,30.06,1522,2023,6,9,0
GITEGA,-1.96,30.06,1522,2023,6,10,0
GITEGA,-1.96,30.06,1522,2023,6,11,0
GITEGA,-1.96,30.06,1522,2023,6,12,0
GITEGA,-1.96,30.06,1522,2023,6,13,0
GITEGA,-1.96,30.06,1522,2023,6,14,0
GITEGA,-1.96,30.06,1522,2023,6,15,0
GITEGA,-1.96,30.06,1522,2023,6,16,0
GITEGA,-1.96,30.06,1522,2023,6,17,0
GITEGA,-1.96,30.06,1522,2023,6,18,0
GITEGA,-1.96,30.06,1522,2023,6,19,0
GITEGA,-1.96,30.06,1522,2023,6,20,0
GITEGA,-1.96,30.06,1522,2023,6,21,0
GITEGA,-1.96,30.06,1522,2023,6,22,0
GITEGA,-1.96,30.06,1522,2023,6,23,0
GITEGA,-1.96,30.06,1522,2023,6,24,0
GITEGA,-1.96,30.06,1522,2023,6,25,0
GITEGA,-1.96,30.06,1522,2023,6,26,0
GITEGA,-1.96,30.06,1522,2023,6,27,0
GITEGA,-1.96,30.06,1522,2023,6,28,0
GITEGA,-1.96,30.06,1522,2023,6,29,0
GITEGA,-1.96,30.06,1522,2023,6,30,0
GITEGA,-1.96,30.06,1522,2023,7,1,0
GITEGA,-1.96,30.06,1522,2023,7,2,0
GITEGA,-1.96,30.06,1522,2023,7,3,0
GITEGA,-1.96,30.06,1522,2023,7,4,0
GITEGA,-1.96,30.06,1522,2023,7,5,0
GITEGA,-1.96,30.06,1522,2023,7,6,0
GITEGA,-1.96,30.06,1522,2023,7,7,0
GITEGA,-1.96,30.06,1522,2023,7,8,0
GITEGA,-1.96,30.06,1522,2023,7,9,0
GITEGA,-1.96,30.06,1522,2023,7,10,0
GITEGA,-1.96,30.06,1522,2023,7,11,0
GITEGA,-1.96,30.06,1522,2023,7,12,0
GITEGA,-1.96,30.06,1522,2023,7,13,0
GITEGA,-1.96,30.06,1522,2023,7,14,0
GITEGA,-1.96,30.06,1522,2023,7,15,0
GITEGA,-1.96,30.06,1522,2023,7,16,0
GITEGA,-1.96,30.06,1522,2023,7,17,0
GITEGA,-1.96,30.06,1522,2023,7,18,0
GITEGA,-1.96,30.06,1522,2023,7,19,0
GITEGA,-1.96,30.06,1522,2023,7,20,0
GITEGA,-1.96,30.06,1522,2023,7,21,0
GITEGA,-1.96,30.06,1522,2023,7,22,0
GITEGA,-1.96,30.06,1522,2023,7,23,0
GITEGA,-1.96,30.06,1522,2023,7,24,0
GITEGA,-1.96,30.06,1522,2023,7,25,0
GITEGA,-1.96,30.06,1522,2023,7,26,0
GITEGA,-1.96,30.06,1522,2023,7,27,0
GITEGA,-1.96,30.06,1522,2023,7,28,0
GITEGA,-1.96,30.06,1522,2023,7,29,0
GITEGA,-1.96,30.06,1522,2023,7,30,0
GITEGA,-1.96,30.06,1522,2023,7,31,0
GITEGA,-1.96,30.06,1522,2023,8,1,0
GITEGA,-1.96,30.06,1522,2023,8,2,0
GITEGA,-1.96,30.06,1522,2023,8,3,0
GITEGA,-1.96,30.06,1522,2023,8,4,0
GITEGA,-1.96,30.06,1522,2023,8,5,0
GITEGA,-1.96,30.06,1522,2023,8,6,0
GITEGA,-1.96,30.06,1522,2023,8,7,0
GITEGA,-1.96,30.06,1522,2023,8,8,0
GITEGA,-1.96,30.06,1522,2023,8,9,0
GITEGA,-1.96,30.06,1522,2023,8,10,0
GITEGA,-1.96,30.06,1522,2023,8,11,0
GITEGA,-1.96,30.06,1522,2023,8,12,0
GITEGA,-1.96,30.06,1522,2023,8,13,0
GITEGA,-1.96,30.06,1522,2023,8,14,0
GITEGA,-1.96,30.06,1522,2023,8,15,0
GITEGA,-1.96,30.06,1522,2023,8,16,0
GITEGA,-1.96,30.06,1522,2023,8,17,0
GITEGA,-1.96,30.06,1522,2023,8,18,0
GITEGA,-1.96,30.06,1522,2023,8,19,0
GITEGA,-1.96,30.06,1522,2023,8,20,0
GITEGA,-1.96,30.06,1522,2023,8,21,0
GITEGA,-1.96,30.06,1522,2023,8,22,0
GITEGA,-1.96,30.06,1522,2023,8,23,0
GITEGA,-1.96,30.06,1522,2023,8,24,0
GITEGA,-1.96,30.06,1522,2023,8,25,0
GITEGA,-1.96,30.06,1522,2023,8,26,0
GITEGA,-1.96,30.06,1522,2023,8,27,0
GITEGA,-1.96,30.06,1522,2023,8,28,0
GITEGA,-1.96,30.06,1522,2023,8,29,0
GITEGA,-1.96,30.06,1522,2023,8,30,0
GITEGA,-1.96,30.06,1522,2023,8,31,0
GITEGA,-1.96,30.06,1522,2023,9,1,25.55
GITEGA,-1.96,30.06,1522,2023,9,2,25.55
GITEGA,-1.96,30.06,1522,2023,9,3,2
GITEGA,-1.96,30.06,1522,2023,9,4,1.6
GITEGA,-1.96,30.06,1522,2023,9,5,1.4
GITEGA,-1.96,30.06,1522,2023,9,6,0
GITEGA,-1.96,30.06,1522,2023,9,7,0
GITEGA,-1.96,30.06,1522,2023,9,8,0
GITEGA,-1.96,30.06,1522,2023,9,9,0
GITEGA,-1.96,30.06,1522,2023,9,10,1.3
GITEGA,-1.96,30.06,1522,2023,9,11,0
GITEGA,-1.96,30.06,1522,2023,9,12,24.2
GITEGA,-1.96,30.06,1522,2023,9,13,12.4
GITEGA,-1.96,30.06,1522,2023,9,14,0
GITEGA,-1.96,30.06,1522,2023,9,15,0
GITEGA,-1.96,30.06,1522,2023,9,16,0
GITEGA,-1.96,30.06,1522,2023,9,17,8.3
GITEGA,-1.96,30.06,1522,2023,9,18,4
GITEGA,-1.96,30.06,1522,2023,9,19,0
GITEGA,-1.96,30.06,1522,2023,9,20,47.5
GITEGA,-1.96,30.06,1522,2023,9,21,0
GITEGA,-1.96,30.06,1522,2023,9,22,1.6
GITEGA,-1.96,30.06,1522,2023,9,23,0
GITEGA,-1.96,30.06,1522,2023,9,24,0
GITEGA,-1.96,30.06,1522,2023,9,25,1.8
GITEGA,-1.96,30.06,1522,2023,9,26,0
GITEGA,-1.96,30.06,1522,2023,9,27,0
GITEGA,-1.96,30.06,1522,2023,9,28,0
GITEGA,-1.96,30.06,1522,2023,9,29,1.2
GITEGA,-1.96,30.06,1522,2023,9,30,0
GITEGA,-1.96,30.06,1522,2023,10,1,
GITEGA,-1.96,30.06,1522,2023,10,2,27.9
GITEGA,-1.96,30.06,1522,2023,10,3,0
GITEGA,-1.96,30.06,1522,2023,10,4,0
GITEGA,-1.96,30.06,1522,2023,10,5,0
GITEGA,-1.96,30.06,1522,2023,10,6,0
GITEGA,-1.96,30.06,1522,2023,10,7,0.5
GITEGA,-1.96,30.06,1522,2023,10,8,0
GITEGA,-1.96,30.06,1522,2023,10,9,3.3
GITEGA,-1.96,30.06,1522,2023,10,10,10.4
GITEGA,-1.96,30.06,1522,2023,10,11,2.2
GITEGA,-1.96,30.06,1522,2023,10,12,0
GITEGA,-1.96,30.06,1522,2023,10,13,0
GITEGA,-1.96,30.06,1522,2023,10,14,4.5
GITEGA,-1.96,30.06,1522,2023,10,15,8.5
GITEGA,-1.96,30.06,1522,2023,10,16,4.6
GITEGA,-1.96,30.06,1522,2023,10,17,0
GITEGA,-1.96,30.06,1522,2023,10,18,4.2
GITEGA,-1.96,30.06,1522,2023,10,19,12.4
GITEGA,-1.96,30.06,1522,2023,10,20,0
GITEGA,-1.96,30.06,1522,2023,10,21,1.1
GITEGA,-1.96,30.06,1522,2023,10,22,0
GITEGA,-1.96,30.06,1522,2023,10,23,0
GITEGA,-1.96,30.06,1522,2023,10,24,0
GITEGA,-1.96,30.06,1522,2023,10,25,2.4
GITEGA,-1.96,30.06,1522,2023,10,26,0
GITEGA,-1.96,30.06,1522,2023,10,27,0.5
GITEGA,-1.96,30.06,1522,2023,10,28,6.5
GITEGA,-1.96,30.06,1522,2023,10,29,31.8
GITEGA,-1.96,30.06,1522,2023,10,30,0
GITEGA,-1.96,30.06,1522,2023,10,31,0
GITEGA,-1.96,30.06,1522,2023,11,1,0
GITEGA,-1.96,30.06,1522,2023,11,2,16.2
GITEGA,-1.96,30.06,1522,2023,11,3,14.3
GITEGA,-1.96,30.06,1522,2023,11,4,0.5
GITEGA,-1.96,30.06,1522,2023,11,5,0.6
GITEGA,-1.96,30.06,1522,2023,11,6,5.2
GITEGA,-1.96,30.06,1522,2023,11,7,0
GITEGA,-1.96,30.06,1522,2023,11,8,0
GITEGA,-1.96,30.06,1522,2023,11,9,0
GITEGA,-1.96,30.06,1522,2023,11,10,0.2
GITEGA,-1.96,30.06,1522,2023,11,11,0
GITEGA,-1.96,30.06,1522,2023,11,12,0.2
GITEGA,-1.96,30.06,1522,2023,11,13,3.2
GITEGA,-1.96,30.06,1522,2023,11,14,18.7
GITEGA,-1.96,30.06,1522,2023,11,15,1
GITEGA,-1.96,30.06,1522,2023,11,16,2.9
GITEGA,-1.96,30.06,1522,2023,11,17,3.9
GITEGA,-1.96,30.06,1522,2023,11,18,8.6
GITEGA,-1.96,30.06,1522,2023,11,19,0
GITEGA,-1.96,30.06,1522,2023,11,20,1.8
GITEGA,-1.96,30.06,1522,2023,11,21,0
GITEGA,-1.96,30.06,1522,2023,11,22,7.7
GITEGA,-1.96,30.06,1522,2023,11,23,17.3
GITEGA,-1.96,30.06,1522,2023,11,24,0
GITEGA,-1.96,30.06,1522,2023,11,25,2.3
GITEGA,-1.96,30.06,1522,2023,11,26,11
GITEGA,-1.96,30.06,1522,2023,11,27,5.5
GITEGA,-1.96,30.06,1522,2023,11,28,5.7
GITEGA,-1.96,30.06,1522,2023,11,29,10.5
GITEGA,-1.96,30.06,1522,2023,11,30,1.5
GITEGA,-1.96,30.06,1522,2023,12,1,0
GITEGA,-1.96,30.06,1522,2023,12,2,0
GITEGA,-1.96,30.06,1522,2023,12,3,3.3
GITEGA,-1.96,30.06,1522,2023,12,4,2.1
GITEGA,-1.96,30.06,1522,2023,12,5,0
GITEGA,-1.96,30.06,1522,2023,12,6,2.2
GITEGA,-1.96,30.06,1522,2023,12,7,0.8
GITEGA,-1.96,30.06,1522,2023,12,8,0.6
GITEGA,-1.96,30.06,1522,2023,12,9,0
GITEGA,-1.96,30.06,1522,2023,12,10,4.6
GITEGA,-1.96,30.06,1522,2023,12,11,0
GITEGA,-1.96,30.06,1522,2023,12,12,6.7
GITEGA,-1.96,30.06,1522,2023,12,13,10.2
GITEGA,-1.96,30.06,1522,2023,12,14,0
GITEGA,-1.96,30.06,1522,2023,12,15,0
GITEGA,-1.96,30.06,1522,2023,12,16,16.5
GITEGA,-1.96,30.06,1522,2023,12,17,4
GITEGA,-1.96,30.06,1522,2023,12,18,0
GITEGA,-1.96,30.06,1522,2023,12,19,0
GITEGA,-1.96,30.06,1522,2023,12,20,3.9
GITEGA,-1.96,30.06,1522,2023,12,21,0.1
GITEGA,-1.96,30.06,1522,2023,12,22,0
GITEGA,-1.96,30.06,1522,2023,12,23,0
GITEGA,-1.96,30.06,1522,2023,12,24,0
GITEGA,-1.96,30.06,1522,2023,12,25,0
GITEGA,-1.96,30.06,1522,2023,12,26,10.4
GITEGA,-1.96,30.06,1522,2023,12,27,20.7
GITEGA,-1.96,30.06,1522,2023,12,28,0
GITEGA,-1.96,30.06,1522,2023,12,29,
GITEGA,-1.96,30.06,1522,2023,12,30,
GITEGA,-1.96,30.06,1522,2023,12,31,
GITEGA,-1.96,30.06,1522,2024,1,1,3.5
GITEGA,-1.96,30.06,1522,2024,1,2,2.1
GITEGA,-1.96,30.06,1522,2024,1,3,0.5
GITEGA,-1.96,30.06,1522,2024,1,4,0.5
GITEGA,-1.96,30.06,1522,2024,1,5,0
GITEGA,-1.96,30.06,1522,2024,1,6,0
GITEGA,-1.96,30.06,1522,2024,1,7,8.2
GITEGA,-1.96,30.06,1522,2024,1,8,0
GITEGA,-1.96,30.06,1522,2024,1,9,0
GITEGA,-1.96,30.06,1522,2024,1,10,0
GITEGA,-1.96,30.06,1522,2024,1,11,24
GITEGA,-1.96,30.06,1522,2024,1,12,13.5
GITEGA,-1.96,30.06,1522,2024,1,13,0
GITEGA,-1.96,30.06,1522,2024,1,14,13.5
GITEGA,-1.96,30.06,1522,2024,1,15,5.1
GITEGA,-1.96,30.06,1522,2024,1,16,0
GITEGA,-1.96,30.06,1522,2024,1,17,0
GITEGA,-1.96,30.06,1522,2024,1,18,4.8
GITEGA,-1.96,30.06,1522,2024,1,19,0
GITEGA,-1.96,30.06,1522,2024,1,20,0
GITEGA,-1.96,30.06,1522,2024,1,21,0.4
GITEGA,-1.96,30.06,1522,2024,1,22,1.2
GITEGA,-1.96,30.06,1522,2024,1,23,0.5
GITEGA,-1.96,30.06,1522,2024,1,24,0.4
GITEGA,-1.96,30.06,1522,2024,1,25,0.9
GITEGA,-1.96,30.06,1522,2024,1,26,0
GITEGA,-1.96,30.06,1522,2024,1,27,0
GITEGA,-1.96,30.06,1522,2024,1,28,0.5
GITEGA,-1.96,30.06,1522,2024,1,29,0
GITEGA,-1.96,30.06,1522,2024,1,30,0
GITEGA,-1.96,30.06,1522,2024,1,31,0.5
GITEGA,-1.96,30.06,1522,2024,2,1,1.6
GITEGA,-1.96,30.06,1522,2024,2,2,0
GITEGA,-1.96,30.06,1522,2024,2,3,2
GITEGA,-1.96,30.06,1522,2024,2,4,0.5
GITEGA,-1.96,30.06,1522,2024,2,5,17
GITEGA,-1.96,30.06,1522,2024,2,6,4.2
GITEGA,-1.96,30.06,1522,2024,2,7,0
GITEGA,-1.96,30.06,1522,2024,2,8,0
GITEGA,-1.96,30.06,1522,2024,2,9,4.3
GITEGA,-1.96,30.06,1522,2024,2,10,4.6
GITEGA,-1.96,30.06,1522,2024,2,11,0.8
GITEGA,-1.96,30.06,1522,2024,2,12,0
GITEGA,-1.96,30.06,1522,2024,2,13,0
GITEGA,-1.96,30.06,1522,2024,2,14,11
GITEGA,-1.96,30.06,1522,2024,2,15,43
GITEGA,-1.96,30.06,1522,2024,2,16,1.6
GITEGA,-1.96,30.06,1522,2024,2,17,0
GITEGA,-1.96,30.06,1522,2024,2,18,0
GITEGA,-1.96,30.06,1522,2024,2,19,2.3
GITEGA,-1.96,30.06,1522,2024,2,20,0
GITEGA,-1.96,30.06,1522,2024,2,21,3.9
GITEGA,-1.96,30.06,1522,2024,2,22,0.1
GITEGA,-1.96,30.06,1522,2024,2,23,0
GITEGA,-1.96,30.06,1522,2024,2,24,0
GITEGA,-1.96,30.06,1522,2024,2,25,0.9
GITEGA,-1.96,30.06,1522,2024,2,26,8
GITEGA,-1.96,30.06,1522,2024,2,27,8.7
GITEGA,-1.96,30.06,1522,2024,2,28,0
GITEGA,-1.96,30.06,1522,2024,2,29,1.1
GITEGA,-1.96,30.06,1522,2024,3,1,0
GITEGA,-1.96,30.06,1522,2024,3,2,5
GITEGA,-1.96,30.06,1522,2024,3,3,0.7
GITEGA,-1.96,30.06,1522,2024,3,4,4.4
GITEGA,-1.96,30.06,1522,2024,3,5,11.9
GITEGA,-1.96,30.06,1522,2024,3,6,0
GITEGA,-1.96,30.06,1522,2024,3,7,0
GITEGA,-1.96,30.06,1522,2024,3,8,8.2
GITEGA,-1.96,30.06,1522,2024,3,9,0
GITEGA,-1.96,30.06,1522,2024,3,10,0
GITEGA,-1.96,30.06,1522,2024,3,11,0
GITEGA,-1.96,30.06,1522,2024,3,12,0
GITEGA,-1.96,30.06,1522,2024,3,13,0
GITEGA,-1.96,30.06,1522,2024,3,14,6.8
GITEGA,-1.96,30.06,1522,2024,3,15,0
GITEGA,-1.96,30.06,1522,2024,3,16,0
GITEGA,-1.96,30.06,1522,2024,3,17,0
GITEGA,-1.96,30.06,1522,2024,3,18,0
GITEGA,-1.96,30.06,1522,2024,3,19,0
GITEGA,-1.96,30.06,1522,2024,3,20,5.2
GITEGA,-1.96,30.06,1522,2024,3,21,0.5
GITEGA,-1.96,30.06,1522,2024,3,22,0
GITEGA,-1.96,30.06,1522,2024,3,23,11.4
GITEGA,-1.96,30.06,1522,2024,3,24,0
GITEGA,-1.96,30.06,1522,2024,3,25,0
GITEGA,-1.96,30.06,1522,2024,3,26,0
GITEGA,-1.96,30.06,1522,2024,3,27,0.5
GITEGA,-1.96,30.06,1522,2024,3,28,5.8
GITEGA,-1.96,30.06,1522,2024,3,29,13.6
GITEGA,-1.96,30.06,1522,2024,3,30,0
GITEGA,-1.96,30.06,1522,2024,3,31,25.8
GITEGA,-1.96,30.06,1522,2024,4,1,0.6
GITEGA,-1.96,30.06,1522,2024,4,2,36.2
GITEGA,-1.96,30.06,1522,2024,4,3,0.7
GITEGA,-1.96,30.06,1522,2024,4,4,11.2
GITEGA,-1.96,30.06,1522,2024,4,5,1.2
GITEGA,-1.96,30.06,1522,2024,4,6,4.8
GITEGA,-1.96,30.06,1522,2024,4,7,30.8
GITEGA,-1.96,30.06,1522,2024,4,8,0
GITEGA,-1.96,30.06,1522,2024,4,9,0
GITEGA,-1.96,30.06,1522,2024,4,10,0
GITEGA,-1.96,30.06,1522,2024,4,11,0
GITEGA,-1.96,30.06,1522,2024,4,12,0.3
GITEGA,-1.96,30.06,1522,2024,4,13,5.9
GITEGA,-1.96,30.06,1522,2024,4,14,0.5
GITEGA,-1.96,30.06,1522,2024,4,15,39
GITEGA,-1.96,30.06,1522,2024,4,16,0.5
GITEGA,-1.96,30.06,1522,2024,4,17,0
GITEGA,-1.96,30.06,1522,2024,4,18,0.2
GITEGA,-1.96,30.06,1522,2024,4,19,7.1
GITEGA,-1.96,30.06,1522,2024,4,20,2.4
GITEGA,-1.96,30.06,1522,2024,4,21,47.6
GITEGA,-1.96,30.06,1522,2024,4,22,1.9
GITEGA,-1.96,30.06,1522,2024,4,23,0.7
GITEGA,-1.96,30.06,1522,2024,4,24,0
GITEGA,-1.96,30.06,1522,2024,4,25,26.7
GITEGA,-1.96,30.06,1522,2024,4,26,0
GITEGA,-1.96,30.06,1522,2024,4,27,44.7
GITEGA,-1.96,30.06,1522,2024,4,28,1.8
GITEGA,-1.96,30.06,1522,2024,4,29,4.9
GITEGA,-1.96,30.06,1522,2024,4,30,9.1
GITEGA,-1.96,30.06,1522,2024,5,1,0
GITEGA,-1.96,30.06,1522,2024,5,2,24.9
GITEGA,-1.96,30.06,1522,2024,5,3,24.4
GITEGA,-1.96,30.06,1522,2024,5,4,0.3
GITEGA,-1.96,30.06,1522,2024,5,5,0
GITEGA,-1.96,30.06,1522,2024,5,6,0
GITEGA,-1.96,30.06,1522,2024,5,7,5.6
GITEGA,-1.96,30.06,1522,2024,5,8,35.3
GITEGA,-1.96,30.06,1522,2024,5,9,21.8
GITEGA,-1.96,30.06,1522,2024,5,10,2.7
GITEGA,-1.96,30.06,1522,2024,5,11,0
GITEGA,-1.96,30.06,1522,2024,5,12,0
GITEGA,-1.96,30.06,1522,2024,5,13,0
GITEGA,-1.96,30.06,1522,2024,5,14,0
GITEGA,-1.96,30.06,1522,2024,5,15,0
GITEGA,-1.96,30.06,1522,2024,5,16,0
GITEGA,-1.96,30.06,1522,2024,5,17,0
GITEGA,-1.96,30.06,1522,2024,5,18,0
GITEGA,-1.96,30.06,1522,2024,5,19,7.9
GITEGA,-1.96,30.06,1522,2024,5,20,0.2
GITEGA,-1.96,30.06,1522,2024,5,21,0
GITEGA,-1.96,30.06,1522,2024,5,22,0
GITEGA,-1.96,30.06,1522,2024,5,23,0
GITEGA,-1.96,30.06,1522,2024,5,24,0
GITEGA,-1.96,30.06,1522,2024,5,25,0
GITEGA,-1.96,30.06,1522,2024,5,26,0
GITEGA,-1.96,30.06,1522,2024,5,27,0
GITEGA,-1.96,30.06,1522,2024,5,28,0
GITEGA,-1.96,30.06,1522,2024,5,29,0
GITEGA,-1.96,30.06,1522,2024,5,30,0
GITEGA,-1.96,30.06,1522,2024,5,31,0
GITEGA,-1.96,30.06,1522,2024,6,1,0
GITEGA,-1.96,30.06,1522,2024,6,2,0.6
GITEGA,-1.96,30.06,1522,2024,6,3,0
GITEGA,-1.96,30.06,1522,2024,6,4,0
GITEGA,-1.96,30.06,1522,2024,6,5,0
GITEGA,-1.96,30.06,1522,2024,6,6,0
GITEGA,-1.96,30.06,1522,2024,6,7,0
GITEGA,-1.96,30.06,1522,2024,6,8,0
GITEGA,-1.96,30.06,1522,2024,6,9,0
GITEGA,-1.96,30.06,1522,2024,6,10,0
GITEGA,-1.96,30.06,1522,2024,6,11,0
GITEGA,-1.96,30.06,1522,2024,6,12,0
GITEGA,-1.96,30.06,1522,2024,6,13,0
GITEGA,-1.96,30.06,1522,2024,6,14,0
GITEGA,-1.96,30.06,1522,2024,6,15,0
GITEGA,-1.96,30.06,1522,2024,6,16,0
GITEGA,-1.96,30.06,1522,2024,6,17,0
GITEGA,-1.96,30.06,1522,2024,6,18,0
GITEGA,-1.96,30.06,1522,2024,6,19,0
GITEGA,-1.96,30.06,1522,2024,6,20,0
GITEGA,-1.96,30.06,1522,2024,6,21,0
GITEGA,-1.96,30.06,1522,2024,6,22,0
GITEGA,-1.96,30.06,1522,2024,6,23,0
GITEGA,-1.96,30.06,1522,2024,6,24,0
GITEGA,-1.96,30.06,1522,2024,6,25,0
GITEGA,-1.96,30.06,1522,2024,6,26,0
GITEGA,-1.96,30.06,1522,2024,6,27,0
GITEGA,-1.96,30.06,1522,2024,6,28,0
GITEGA,-1.96,30.06,1522,2024,6,29,0
GITEGA,-1.96,30.06,1522,2024,6,30,0
GITEGA,-1.96,30.06,1522,2024,7,1,0
GITEGA,-1.96,30.06,1522,2024,7,2,0
GITEGA,-1.96,30.06,1522,2024,7,3,0
GITEGA,-1.96,30.06,1522,2024,7,4,0
GITEGA,-1.96,30.06,1522,2024,7,5,0
GITEGA,-1.96,30.06,1522,2024,7,6,0
GITEGA,-1.96,30.06,1522,2024,7,7,0
GITEGA,-1.96,30.06,1522,2024,7,8,0
GITEGA,-1.96,30.06,1522,2024,7,9,0
GITEGA,-1.96,30.06,1522,2024,7,10,0
GITEGA,-1.96,30.06,1522,2024,7,11,0
GITEGA,-1.96,30.06,1522,2024,7,12,0
GITEGA,-1.96,30.06,1522,2024,7,13,0
GITEGA,-1.96,30.06,1522,2024,7,14,0
GITEGA,-1.96,30.06,1522,2024,7,15,0
GITEGA,-1.96,30.06,1522,2024,7,16,0
GITEGA,-1.96,30.06,1522,2024,7,17,0
GITEGA,-1.96,30.06,1522,2024,7,18,0
GITEGA,-1.96,30.06,1522,2024,7,19,0
GITEGA,-1.96,30.06,1522,2024,7,20,0
GITEGA,-1.96,30.06,1522,2024,7,21,0
GITEGA,-1.96,30.06,1522,2024,7,22,0
GITEGA,-1.96,30.06,1522,2024,7,23,0
GITEGA,-1.96,30.06,1522,2024,7,24,0
GITEGA,-1.96,30.06,1522,2024,7,25,0
GITEGA,-1.96,30.06,1522,2024,7,26,0
GITEGA,-1.96,30.06,1522,2024,7,27,0
GITEGA,-1.96,30.06,1522,2024,7,28,0
GITEGA,-1.96,30.06,1522,2024,7,29,0
GITEGA,-1.96,30.06,1522,2024,7,30,0
GITEGA,-1.96,30.06,1522,2024,7,31,0
GITEGA,-1.96,30.06,1522,2024,8,1,0
GITEGA,-1.96,30.06,1522,2024,8,2,0
GITEGA,-1.96,30.06,1522,2024,8,3,0
GITEGA,-1.96,30.06,1522,2024,8,4,0
GITEGA,-1.96,30.06,1522,2024,8,5,0
GITEGA,-1.96,30.06,1522,2024,8,6,0
GITEGA,-1.96,30.06,1522,2024,8,7,0
GITEGA,-1.96,30.06,1522,2024,8,8,0
GITEGA,-1.96,30.06,1522,2024,8,9,0
GITEGA,-1.96,30.06,1522,2024,8,10,0
GITEGA,-1.96,30.06,1522,2024,8,11,16.7
GITEGA,-1.96,30.06,1522,2024,8,12,0
GITEGA,-1.96,30.06,1522,2024,8,13,3.7
GITEGA,-1.96,30.06,1522,2024,8,14,6.6
GITEGA,-1.96,30.06,1522,2024,8,15,0
GITEGA,-1.96,30.06,1522,2024,8,16,0
GITEGA,-1.96,30.06,1522,2024,8,17,0
GITEGA,-1.96,30.06,1522,2024,8,18,0
GITEGA,-1.96,30.06,1522,2024,8,19,0
GITEGA,-1.96,30.06,1522,2024,8,20,0
GITEGA,-1.96,30.06,1522,2024,8,21,1.1
GITEGA,-1.96,30.06,1522,2024,8,22,0
GITEGA,-1.96,30.06,1522,2024,8,23,0
GITEGA,-1.96,30.06,1522,2024,8,24,0
GITEGA,-1.96,30.06,1522,2024,8,25,0
GITEGA,-1.96,30.06,1522,2024,8,26,0
GITEGA,-1.96,30.06,1522,2024,8,27,1.2
GITEGA,-1.96,30.06,1522,2024,8,28,3.1
GITEGA,-1.96,30.06,1522,2024,8,29,8
GITEGA,-1.96,30.06,1522,2024,8,30,8.6
GITEGA,-1.96,30.06,1522,2024,8,31,0
GITEGA,-1.96,30.06,1522,2024,9,1,0
GITEGA,-1.96,30.06,1522,2024,9,2,0
GITEGA,-1.96,30.06,1522,2024,9,3,0
GITEGA,-1.96,30.06,1522,2024,9,4,0
GITEGA,-1.96,30.06,1522,2024,9,5,0
GITEGA,-1.96,30.06,1522,2024,9,6,0.2
GITEGA,-1.96,30.06,1522,2024,9,7,0
GITEGA,-1.96,30.06,1522,2024,9,8,0.2
GITEGA,-1.96,30.06,1522,2024,9,9,0
GITEGA,-1.96,30.06,1522,2024,9,10,0.2
GITEGA,-1.96,30.06,1522,2024,9,11,0
GITEGA,-1.96,30.06,1522,2024,9,12,0
GITEGA,-1.96,30.06,1522,2024,9,13,0
GITEGA,-1.96,30.06,1522,2024,9,14,0
GITEGA,-1.96,30.06,1522,2024,9,15,0
GITEGA,-1.96,30.06,1522,2024,9,16,0
GITEGA,-1.96,30.06,1522,2024,9,17,0.2
GITEGA,-1.96,30.06,1522,2024,9,18,3.8
GITEGA,-1.96,30.06,1522,2024,9,19,1.5
GITEGA,-1.96,30.06,1522,2024,9,20,0
GITEGA,-1.96,30.06,1522,2024,9,21,5.6
GITEGA,-1.96,30.06,1522,2024,9,22,0.3
GITEGA,-1.96,30.06,1522,2024,9,23,0
GITEGA,-1.96,30.06,1522,2024,9,24,0
GITEGA,-1.96,30.06,1522,2024,9,25,0
GITEGA,-1.96,30.06,1522,2024,9,26,0
GITEGA,-1.96,30.06,1522,2024,9,27,7.8
GITEGA,-1.96,30.06,1522,2024,9,28,0
GITEGA,-1.96,30.06,1522,2024,9,29,62.7
GITEGA,-1.96,30.06,1522,2024,9,30,1.7
GITEGA,-1.96,30.06,1522,2024,10,1,0.2
GITEGA,-1.96,30.06,1522,2024,10,2,6.8
GITEGA,-1.96,30.06,1522,2024,10,3,0
GITEGA,-1.96,30.06,1522,2024,10,4,0
GITEGA,-1.96,30.06,1522,2024,10,5,0
GITEGA,-1.96,30.06,1522,2024,10,6,0
GITEGA,-1.96,30.06,1522,2024,10,7,2
GITEGA,-1.96,30.06,1522,2024,10,8,0.3
GITEGA,-1.96,30.06,1522,2024,10,9,0
GITEGA,-1.96,30.06,1522,2024,10,10,0
GITEGA,-1.96,30.06,1522,2024,10,11,9.8
GITEGA,-1.96,30.06,1522,2024,10,12,0.6
GITEGA,-1.96,30.06,1522,2024,10,13,0
GITEGA,-1.96,30.06,1522,2024,10,14,1.8
GITEGA,-1.96,30.06,1522,2024,10,15,0
GITEGA,-1.96,30.06,1522,2024,10,16,0
GITEGA,-1.96,30.06,1522,2024,10,17,0.7
GITEGA,-1.96,30.06,1522,2024,10,18,0.7
GITEGA,-1.96,30.06,1522,2024,10,19,47.4
GITEGA,-1.96,30.06,1522,2024,10,20,10.1
GITEGA,-1.96,30.06,1522,2024,10,21,0.3
GITEGA,-1.96,30.06,1522,2024,10,22,1.6
GITEGA,-1.96,30.06,1522,2024,10,23,12.9
GITEGA,-1.96,30.06,1522,2024,10,24,0.6
GITEGA,-1.96,30.06,1522,2024,10,25,0.3
GITEGA,-1.96,30.06,1522,2024,10,26,0
GITEGA,-1.96,30.06,1522,2024,10,27,0
GITEGA,-1.96,30.06,1522,2024,10,28,0
GITEGA,-1.96,30.06,1522,2024,10,29,0
GITEGA,-1.96,30.06,1522,2024,10,30,0
GITEGA,-1.96,30.06,1522,2024,10,31,0
GITEGA,-1.96,30.06,1522,2024,11,1,2.4
GITEGA,-1.96,30.06,1522,2024,11,2,0
GITEGA,-1.96,30.06,1522,2024,11,3,1.6
GITEGA,-1.96,30.06,1522,2024,11,4,0
GITEGA,-1.96,30.06,1522,2024,11,5,0
GITEGA,-1.96,30.06,1522,2024,11,6,9
GITEGA,-1.96,30.06,1522,2024,11,7,3.2
GITEGA,-1.96,30.06,1522,2024,11,8,13.9
GITEGA,-1.96,30.06,1522,2024,11,9,2.5
GITEGA,-1.96,30.06,1522,2024,11,10,7.9
GITEGA,-1.96,30.06,1522,2024,11,11,8.8
GITEGA,-1.96,30.06,1522,2024,11,12,0
GITEGA,-1.96,30.06,1522,2024,11,13,0
GITEGA,-1.96,30.06,1522,2024,11,14,3.7
GITEGA,-1.96,30.06,1522,2024,11,15,4.1
GITEGA,-1.96,30.06,1522,2024,11,16,5.8
GITEGA,-1.96,30.06,1522,2024,11,17,1.5
GITEGA,-1.96,30.06,1522,2024,11,18,10.7
GITEGA,-1.96,30.06,1522,2024,11,19,2.9
GITEGA,-1.96,30.06,1522,2024,11,20,0
GITEGA,-1.96,30.06,1522,2024,11,21,13.6
GITEGA,-1.96,30.06,1522,2024,11,22,7.2
GITEGA,-1.96,30.06,1522,2024,11,23,2.2
GITEGA,-1.96,30.06,1522,2024,11,24,29.8
GITEGA,-1.96,30.06,1522,2024,11,25,0.4
GITEGA,-1.96,30.06,1522,2024,11,26,0.3
GITEGA,-1.96,30.06,1522,2024,11,27,28.8
GITEGA,-1.96,30.06,1522,2024,11,28,11.4
GITEGA,-1.96,30.06,1522,2024,11,29,15.5
GITEGA,-1.96,30.06,1522,2024,11,30,4.2
GITEGA,-1.96,30.06,1522,2024,12,1,7.6
GITEGA,-1.96,30.06,1522,2024,12,2,8.7
GITEGA,-1.96,30.06,1522,2024,12,3,2.4
GITEGA,-1.96,30.06,1522,2024,12,4,6
GITEGA,-1.96,30.06,1522,2024,12,5,1.7
GITEGA,-1.96,30.06,1522,2024,12,6,2.2
GITEGA,-1.96,30.06,1522,2024,12,7,0
GITEGA,-1.96,30.06,1522,2024,12,8,0
GITEGA,-1.96,30.06,1522,2024,12,9,0
GITEGA,-1.96,30.06,1522,2024,12,10,5.7
GITEGA,-1.96,30.06,1522,2024,12,11,0.2
GITEGA,-1.96,30.06,1522,2024,12,12,1.9
GITEGA,-1.96,30.06,1522,2024,12,13,0
GITEGA,-1.96,30.06,1522,2024,12,14,0
GITEGA,-1.96,30.06,1522,2024,12,15,0.3
GITEGA,-1.96,30.06,1522,2024,12,16,2.1
GITEGA,-1.96,30.06,1522,2024,12,17,2.4
GITEGA,-1.96,30.06,1522,2024,12,18,0
GITEGA,-1.96,30.06,1522,2024,12,19,6.5
GITEGA,-1.96,30.06,1522,2024,12,20,0
GITEGA,-1.96,30.06,1522,2024,12,21,0
GITEGA,-1.96,30.06,1522,2024,12,22,0
GITEGA,-1.96,30.06,1522,2024,12,23,0
GITEGA,-1.96,30.06,1522,2024,12,24,0.7
GITEGA,-1.96,30.06,1522,2024,12,25,14.2
GITEGA,-1.96,30.06,1522,2024,12,26,14.9
GITEGA,-1.96,30.06,1522,2024,12,27,18.8
GITEGA,-1.96,30.06,1522,2024,12,28,0
GITEGA,-1.96,30.06,1522,2024,12,29,0
GITEGA,-1.96,30.06,1522,2024,12,30,0
GITEGA,-1.96,30.06,1522,2024,12,31,0
GITEGA,-1.96,30.06,1522,2025,1,1,0
GITEGA,-1.96,30.06,1522,2025,1,2,2.8
GITEGA,-1.96,30.06,1522,2025,1,3,0
GITEGA,-1.96,30.06,1522,2025,1,4,0
GITEGA,-1.96,30.06,1522,2025,1,5,0
GITEGA,-1.96,30.06,1522,2025,1,6,0
GITEGA,-1.96,30.06,1522,2025,1,7,0
GITEGA,-1.96,30.06,1522,2025,1,8,0
GITEGA,-1.96,30.06,1522,2025,1,9,9.3
GITEGA,-1.96,30.06,1522,2025,1,10,1.2
GITEGA,-1.96,30.06,1522,2025,1,11,3.9
GITEGA,-1.96,30.06,1522,2025,1,12,0.3
GITEGA,-1.96,30.06,1522,2025,1,13,0.2
GITEGA,-1.96,30.06,1522,2025,1,14,0
GITEGA,-1.96,30.06,1522,2025,1,15,0
GITEGA,-1.96,30.06,1522,2025,1,16,0
GITEGA,-1.96,30.06,1522,2025,1,17,3.9
GITEGA,-1.96,30.06,1522,2025,1,18,0
GITEGA,-1.96,30.06,1522,2025,1,19,0
GITEGA,-1.96,30.06,1522,2025,1,20,6.9
GITEGA,-1.96,30.06,1522,2025,1,21,0
GITEGA,-1.96,30.06,1522,2025,1,22,1.8
GITEGA,-1.96,30.06,1522,2025,1,23,0
GITEGA,-1.96,30.06,1522,2025,1,24,9.9
GITEGA,-1.96,30.06,1522,2025,1,25,0.3
GITEGA,-1.96,30.06,1522,2025,1,26,5.1
GITEGA,-1.96,30.06,1522,2025,1,27,10.6
GITEGA,-1.96,30.06,1522,2025,1,28,1
GITEGA,-1.96,30.06,1522,2025,1,29,1.8
GITEGA,-1.96,30.06,1522,2025,1,30,0
GITEGA,-1.96,30.06,1522,2025,1,31,22.2
GITEGA,-1.96,30.06,1522,2025,2,1,0
GITEGA,-1.96,30.06,1522,2025,2,2,0
GITEGA,-1.96,30.06,1522,2025,2,3,0
GITEGA,-1.96,30.06,1522,2025,2,4,2.1
GITEGA,-1.96,30.06,1522,2025,2,5,0
GITEGA,-1.96,30.06,1522,2025,2,6,0.3
GITEGA,-1.96,30.06,1522,2025,2,7,0
GITEGA,-1.96,30.06,1522,2025,2,8,14
GITEGA,-1.96,30.06,1522,2025,2,9,0
GITEGA,-1.96,30.06,1522,2025,2,10,0
GITEGA,-1.96,30.06,1522,2025,2,11,0
GITEGA,-1.96,30.06,1522,2025,2,12,0
GITEGA,-1.96,30.06,1522,2025,2,13,0
GITEGA,-1.96,30.06,1522,2025,2,14,1.8
GITEGA,-1.96,30.06,1522,2025,2,15,0
GITEGA,-1.96,30.06,1522,2025,2,16,0.6
GITEGA,-1.96,30.06,1522,2025,2,17,0
GITEGA,-1.96,30.06,1522,2025,2,18,0
GITEGA,-1.96,30.06,1522,2025,2,19,0
GITEGA,-1.96,30.06,1522,2025,2,20,0
GITEGA,-1.96,30.06,1522,2025,2,21,0
GITEGA,-1.96,30.06,1522,2025,2,22,0
GITEGA,-1.96,30.06,1522,2025,2,23,0
GITEGA,-1.96,30.06,1522,2025,2,24,0
GITEGA,-1.96,30.06,1522,2025,2,25,0
GITEGA,-1.96,30.06,1522,2025,2,26,0
GITEGA,-1.96,30.06,1522,2025,2,27,0
GITEGA,-1.96,30.06,1522,2025,2,28,0
GITEGA,-1.96,30.06,1522,2025,3,1,0
GITEGA,-1.96,30.06,1522,2025,3,2,2.9
GITEGA,-1.96,30.06,1522,2025,3,3,0
GITEGA,-1.96,30.06,1522,2025,3,4,0.8
GITEGA,-1.96,30.06,1522,2025,3,5,0.3
GITEGA,-1.96,30.06,1522,2025,3,6,0
GITEGA,-1.96,30.06,1522,2025,3,7,0
GITEGA,-1.96,30.06,1522,2025,3,8,11.7
GITEGA,-1.96,30.06,1522,2025,3,9,0
GITEGA,-1.96,30.06,1522,2025,3,10,2.2
GITEGA,-1.96,30.06,1522,2025,3,11,8.7
GITEGA,-1.96,30.06,1522,2025,3,12,3.9
GITEGA,-1.96,30.06,1522,2025,3,13,6.2
GITEGA,-1.96,30.06,1522,2025,3,14,0
GITEGA,-1.96,30.06,1522,2025,3,15,0.3
GITEGA,-1.96,30.06,1522,2025,3,16,27.5
GITEGA,-1.96,30.06,1522,2025,3,17,27.7
GITEGA,-1.96,30.06,1522,2025,3,18,5.9
GITEGA,-1.96,30.06,1522,2025,3,19,1
GITEGA,-1.96,30.06,1522,2025,3,20,0.3
GITEGA,-1.96,30.06,1522,2025,3,21,0
GITEGA,-1.96,30.06,1522,2025,3,22,15.1
GITEGA,-1.96,30.06,1522,2025,3,23,2.3
GITEGA,-1.96,30.06,1522,2025,3,24,0.4
GITEGA,-1.96,30.06,1522,2025,3,25,0
GITEGA,-1.96,30.06,1522,2025,3,26,0
GITEGA,-1.96,30.06,1522,2025,3,27,21.8
GITEGA,-1.96,30.06,1522,2025,3,28,2.8
GITEGA,-1.96,30.06,1522,2025,3,29,0
GITEGA,-1.96,30.06,1522,2025,3,30,9
GITEGA,-1.96,30.06,1522,2025,3,31,1.6
GITEGA,-1.96,30.06,1522,2025,4,1,0
GITEGA,-1.96,30.06,1522,2025,4,2,19
GITEGA,-1.96,30.06,1522,2025,4,3,0.5
GITEGA,-1.96,30.06,1522,2025,4,4,0
GITEGA,-1.96,30.06,1522,2025,4,5,0.5
GITEGA,-1.96,30.06,1522,2025,4,6,1.9
GITEGA,-1.96,30.06,1522,2025,4,7,3.9
GITEGA,-1.96,30.06,1522,2025,4,8,7.3
GITEGA,-1.96,30.06,1522,2025,4,9,0
GITEGA,-1.96,30.06,1522,2025,4,10,12.8
GITEGA,-1.96,30.06,1522,2025,4,11,21.7
GITEGA,-1.96,30.06,1522,2025,4,12,43.2
GITEGA,-1.96,30.06,1522,2025,4,13,29
GITEGA,-1.96,30.06,1522,2025,4,14,0
GITEGA,-1.96,30.06,1522,2025,4,15,5.1
GITEGA,-1.96,30.06,1522,2025,4,16,0
GITEGA,-1.96,30.06,1522,2025,4,17,34.3
GITEGA,-1.96,30.06,1522,2025,4,18,0
GITEGA,-1.96,30.06,1522,2025,4,19,0
GITEGA,-1.96,30.06,1522,2025,4,20,0
GITEGA,-1.96,30.06,1522,2025,4,21,12.2
GITEGA,-1.96,30.06,1522,2025,4,22,0.2
GITEGA,-1.96,30.06,1522,2025,4,23,9.1
GITEGA,-1.96,30.06,1522,2025,4,24,7.9
GITEGA,-1.96,30.06,1522,2025,4,25,3.2
GITEGA,-1.96,30.06,1522,2025,4,26,0
GITEGA,-1.96,30.06,1522,2025,4,27,0
GITEGA,-1.96,30.06,1522,2025,4,28,4.9
GITEGA,-1.96,30.06,1522,2025,4,29,0.2
GITEGA,-1.96,30.06,1522,2025,4,30,0
GITEGA,-1.96,30.06,1522,2025,5,1,0
GITEGA,-1.96,30.06,1522,2025,5,2,3.4
GITEGA,-1.96,30.06,1522,2025,5,3,0
GITEGA,-1.96,30.06,1522,2025,5,4,0
GITEGA,-1.96,30.06,1522,2025,5,5,0.1
GITEGA,-1.96,30.06,1522,2025,5,6,11.4
GITEGA,-1.96,30.06,1522,2025,5,7,20.6
GITEGA,-1.96,30.06,1522,2025,5,8,3.9
GITEGA,-1.96,30.06,1522,2025,5,9,1.5
GITEGA,-1.96,30.06,1522,2025,5,10,0
GITEGA,-1.96,30.06,1522,2025,5,11,9
GITEGA,-1.96,30.06,1522,2025,5,12,0.7
GITEGA,-1.96,30.06,1522,2025,5,13,0
GITEGA,-1.96,30.06,1522,2025,5,14,5.1
GITEGA,-1.96,30.06,1522,2025,5,15,2.5
GITEGA,-1.96,30.06,1522,2025,5,16,0
GITEGA,-1.96,30.06,1522,2025,5,17,0
GITEGA,-1.96,30.06,1522,2025,5,18,0
GITEGA,-1.96,30.06,1522,2025,5,19,1.1
GITEGA,-1.96,30.06,1522,2025,5,20,17.7
GITEGA,-1.96,30.06,1522,2025,5,21,15.2
GITEGA,-1.96,30.06,1522,2025,5,22,27.9
GITEGA,-1.96,30.06,1522,2025,5,23,0.8
GITEGA,-1.96,30.06,1522,2025,5,24,0
GITEGA,-1.96,30.06,1522,2025,5,25,0
GITEGA,-1.96,30.06,1522,2025,5,26,0
GITEGA,-1.96,30.06,1522,2025,5,27,1.7
GITEGA,-1.96,30.06,1522,2025,5,28,0
GITEGA,-1.96,30.06,1522,2025,5,29,0
GITEGA,-1.96,30.06,1522,2025,5,30,0
GITEGA,-1.96,30.06,1522,2025,5,31,0
GITEGA,-1.96,30.06,1522,2025,6,1,0
GITEGA,-1.96,30.06,1522,2025,6,2,0
GITEGA,-1.96,30.06,1522,2025,6,3,0
GITEGA,-1.96,30.06,1522,2025,6,4,8.2
GITEGA,-1.96,30.06,1522,2025,6,5,3.7
GITEGA,-1.96,30.06,1522,2025,6,6,0.7
GITEGA,-1.96,30.06,1522,2025,6,7,0
GITEGA,-1.96,30.06,1522,2025,6,8,0
GITEGA,-1.96,30.06,1522,2025,6,9,0
GITEGA,-1.96,30.06,1522,2025,6,10,0
GITEGA,-1.96,30.06,1522,2025,6,11,0
GITEGA,-1.96,30.06,1522,2025,6,12,0
GITEGA,-1.96,30.06,1522,2025,6,13,0
GITEGA,-1.96,30.06,1522,2025,6,14,0
GITEGA,-1.96,30.06,1522,2025,6,15,0
GITEGA,-1.96,30.06,1522,2025,6,16,0
GITEGA,-1.96,30.06,1522,2025,6,17,0
GITEGA,-1.96,30.06,1522,2025,6,18,0
GITEGA,-1.96,30.06,1522,2025,6,19,11.2
GITEGA,-1.96,30.06,1522,2025,6,20,0
GITEGA,-1.96,30.06,1522,2025,6,21,0.6
GITEGA,-1.96,30.06,1522,2025,6,22,0
GITEGA,-1.96,30.06,1522,2025,6,23,0.3
GITEGA,-1.96,30.06,1522,2025,6,24,0
GITEGA,-1.96,30.06,1522,2025,6,25,0
GITEGA,-1.96,30.06,1522,2025,6,26,0
GITEGA,-1.96,30.06,1522,2025,6,27,0
GITEGA,-1.96,30.06,1522,2025,6,28,0
GITEGA,-1.96,30.06,1522,2025,6,29,0
GITEGA,-1.96,30.06,1522,2025,6,30,0
